@00000000
0400A06F
03C0A06F
0380A06F
0340A06F
0300A06F
02C0A06F
0280A06F
0280A06F
0200A06F
01C0A06F
0180A06F
0140A06F
0100A06F
00C0A06F
0080A06F
0040A06F
0000A06F
7FD0906F
7F90906F
7F50906F
7F10906F
7ED0906F
7E90906F
7E50906F
7E10906F
7DD0906F
7D90906F
7D50906F
7D10906F
7CD0906F
7C90906F
00000000
7C90906F
00000000
00000000
00000000
FE010113
00812C23
00051403
00112E23
00912A23
40745793
01212823
01312623
0017F093
02008263
01C12083
07F47513
01812403
01412483
01012903
00C12983
02010113
00008067
00058493
40345593
00F5F293
00429713
00747693
0384D783
00050993
005765B3
04068C63
00100513
08A68A63
01041E13
010E5513
00040913
00078593
3CD040EF
00050E93
F0047F13
07F97513
01E56FB3
03D49C23
080FE413
00899023
01C12083
01812403
01412483
01012903
00C12983
02010113
00008067
02200313
00058393
0065D463
02200393
00049603
00249683
0144A583
0184A503
0FF3F713
67C040EF
03E4D603
01051913
41095913
02061C63
0384D783
02A49F23
F81FF06F
00078613
02848513
495020EF
03C4D803
01051893
4108D913
00081863
0384D783
02A49E23
F59FF06F
0384D783
F51FF06F
00000013
00000013
00000013
FE010113
00912A23
00051483
00112E23
00812C23
4074D793
01212823
01412423
01312623
0017F093
00058913
00060413
07F4FA13
04009C63
4034D593
00F5F293
00429693
0074F713
03865783
00050993
00D2E5B3
0E070463
00100513
16A70463
01049E13
010E5513
00048A13
00078593
2A1040EF
07FA7A13
F004FE93
01DA6F33
02A41C23
080F6F93
01F99023
00091483
4074D793
0017F093
07F4FE93
06009663
4034D993
00F9F593
00459293
0074F713
03845783
0055E5B3
0C070463
00100513
06A71663
00078613
02840513
395020EF
03C45803
01051893
4108D993
10081863
03845783
02A41E23
00078593
225040EF
07F9FE93
F004FF13
01EEEFB3
02A41C23
080FE413
00891023
01C12083
01812403
01412483
01012903
00C12983
41DA0533
00812A03
02010113
00008067
01049E13
010E5513
00048993
FB1FF06F
02200313
00058393
0065D463
02200393
00041603
00241683
01442583
01842503
0FF3F713
4C0040EF
03E45603
01051A13
410A5A13
08061263
03845783
02A41F23
EF1FF06F
02200693
00058313
00D5D463
02200313
00041603
00241683
01442583
01842503
0FF37713
47C040EF
03E45383
01051613
41065993
02039C63
03845783
02A41F23
F29FF06F
00078613
02840513
295020EF
03C45803
01051893
4108DA13
00081C63
03845783
02A41E23
E85FF06F
03845783
EF9FF06F
03845783
E75FF06F
00000013
00060A63
00251503
00259583
40B50533
00008067
00051783
01079713
01075293
F007F313
0082D393
00736633
00C51023
00059683
00251503
01069813
01085893
F006FE13
0088DE93
01DE6F33
01E59023
00259583
40B50533
00008067
00000013
00059703
00259783
00E51023
00F51123
00008067
00000013
00000013
00000013
00451E03
FC010113
02812C23
01B12623
02112E23
02912A23
03212823
03312623
03412423
03512223
03612023
01712E23
01812C23
01912A23
01A12823
02452403
00050D93
00058313
01C054E3
00058B93
00000513
00000E93
00000D13
00000893
0FF57C93
460BCC63
7E040C63
00040793
00C0006F
0007A783
00078863
0047A283
00229383
FF7398E3
00042683
00000393
00742023
0A068263
0006A603
0086A023
00040393
00068413
08060863
00062583
00D62023
00068393
00060413
06058E63
0005A483
00C5A023
00060393
00058413
06048463
0004A903
00B4A023
00058393
00048413
04090A63
00092983
00992023
00048393
00090413
04098063
0009AA03
0129A023
00090393
00098413
020A0663
000A2A83
013A2023
00098393
000A0413
000A8C63
000A8413
00042683
000A0393
00742023
F60692E3
3C078463
0047AB03
001D0813
01081C13
000B1F03
010C5D13
001F7F93
000F8C63
409F5713
00177093
001888B3
01089293
0102D893
0007A383
00038C63
0003A683
00D7A023
00042783
00F3A023
00742023
000BC863
001B8B93
010B9A93
410ADB93
00150513
01051B13
410B5513
EAAE1EE3
002D1E13
41DE0833
01088C33
010C1D13
010D5493
4E604063
00042D83
00040913
000DAA83
004DAA03
004AA783
000AA603
00FDA223
014AA223
00CDA023
000AA023
2C0BCA63
00492C83
002C9503
01750A63
00092903
FE0918E3
00042903
0E090663
00442E03
00048593
000E1503
62D040EF
00092903
00050493
0C090463
00442803
00050593
00081503
611040EF
00092C03
00050493
0A0C0663
00442D03
00050593
000D1503
5F5040EF
000C2983
00050493
08098863
00442303
00050593
00031503
5D9040EF
0009AB03
00050493
060B0A63
00442F03
00050593
000F1503
5BD040EF
000B2D83
00050493
040D8C63
00442F83
00050593
000F9503
5A1040EF
000DAA03
00050493
020A0E63
00442703
00050593
00071503
585040EF
000A2C83
00050493
020C8063
00442083
00050593
00009503
569040EF
000CA903
00050493
F20912E3
00042903
004AAA03
00492283
00092883
00100E93
005AA223
01492223
011AA023
01592023
00000693
00000913
00000D13
00100993
007EF393
001D0D13
00040793
00000613
08038663
00100593
06B38A63
00200A93
07538063
00300513
04A38663
00400B93
03738C63
00500E13
03C38263
00600813
01038863
00042783
00100613
0A078A63
0007A783
00160613
0A078463
0007A783
00160613
08078E63
0007A783
00160613
08078863
0007A783
00160613
08078263
0007A783
00160613
06078C63
0007A783
00160613
06078663
06CE8463
0007A783
00160613
00060C13
04078C63
0007A783
00160613
04078663
0007A783
002C0613
04078063
0007A783
003C0613
02078A63
0007A783
004C0613
02078463
0007A783
005C0613
00078E63
0007A783
006C0613
00078863
0007A783
007C0613
F8079EE3
000E8593
06060C63
10058263
10078063
00442883
0047A383
00089803
00239E03
00289503
01081C13
010C5313
F0087B13
00835F13
01EB6DB3
01B89023
00039F83
41C50A33
010F9713
01075C93
F00FF093
008CDA93
0150E2B3
00539023
0B405863
00078B93
0007A783
FFF58593
02068463
0176A023
000B8693
F80618E3
0A058063
0A078463
00078B93
FFF58593
0007A783
FE0690E3
000B8913
000B8693
FDDFF06F
00492E83
000EC583
D4BC82E3
00092903
FE0918E3
00042903
D2091AE3
E19FF06F
38040263
00040793
00C0006F
0007A783
B8078EE3
0047A703
00074083
FE1C98E3
B8DFF06F
0043A603
001E8E93
010E9593
00160483
0105DE93
0014F913
012889B3
01099A13
010A5893
C65FF06F
00040B93
FFF60613
00042403
F55FF06F
00078663
00078413
DDDFF06F
0006A023
033D0663
001E9E93
00090E63
00090793
00000D13
00000693
00000913
00078413
DB5FF06F
00002023
00100073
00092B83
0E0B8263
00492683
00048593
00069503
2B9040EF
000BA403
00050493
0C040463
00492D03
00050593
000D1503
29D040EF
00042983
00050493
0A098663
00492303
00050593
00031503
281040EF
0009AB03
00050493
080B0863
00492F03
00050593
000F1503
265040EF
000B2D83
00050493
060D8A63
00492F83
00050593
000F9503
249040EF
000DAA03
00050493
040A0C63
00492703
00050593
00071503
22D040EF
000A2C83
00050493
020C8E63
00492083
00050593
00009503
211040EF
000CAA83
00050493
020A8063
00492283
00050593
00029503
1F5040EF
000AAB83
00050493
F20B92E3
03C12083
03812403
03012903
02C12983
02812A03
02412A83
02012B03
01C12B83
01812C03
01412C83
01012D03
00C12D83
00048513
03412483
04010113
00008067
00100B13
EC0406E3
00000913
00000A93
00000C13
007B7313
001C0C13
00040693
00000993
08030663
00100F13
07E30A63
00200F93
07F30063
00300713
04E30663
00400093
02130C63
00500293
02530263
00600893
01130863
00042683
00100993
0A068A63
0006A683
00198993
0A068463
0006A683
00198993
08068E63
0006A683
00198993
08068863
0006A683
00198993
08068263
0006A683
00198993
06068C63
0006A683
00198993
06068663
07698463
0006A683
00198993
00098393
04068C63
0006A683
00198993
04068663
0006A683
00238993
04068063
0006A683
00338993
02068A63
0006A683
00438993
02068463
0006A683
00538993
00068E63
0006A683
00638993
00068863
0006A683
00738993
F8069EE3
00040D13
000B0A13
00068413
02098E63
040A0E63
04040C63
00442583
004D2503
000D8613
DACFF0EF
04A05263
00040793
00042403
FFFA0A13
02090463
00F92023
00078913
FC0996E3
020A0A63
02040A63
00040793
FFFA0A13
00042403
FE0910E3
00078A93
00078913
FDDFF06F
000D0793
FFF98993
000D2D03
FC1FF06F
E80412E3
00092023
00100413
008C0863
001B1B13
000A8413
E5DFF06F
000A8413
975FF06F
00000C93
00058B93
00000493
961FF06F
00002783
00100073
00000013
00000013
01400813
030552B3
00060E93
FFFF8537
0005A023
08050713
01058793
00858693
FFE28813
00381613
00C58633
00C5A223
00281893
00061123
00E61023
011608B3
00460313
52C7FA63
00860713
53177663
0005A423
00D5A023
0065A623
FFF54393
FFF00E13
01C61223
00761323
28080663
010E9F13
FFFF8FB7
00387293
010F5F13
00000513
FFFFC313
10028663
00100393
0A728463
00200E13
05C28463
00878293
24C2FC63
00470F93
031FFA63
003F1513
00D7A023
07857693
00F5A023
00869393
00E7A223
00D3EE33
01C71023
00671123
00078693
000F8713
00028793
00100513
00878293
20C2FA63
00470393
0513F463
01051F93
010FDF93
01EFCE33
003E1E13
078E7E13
007FFF93
00D7A023
01FE66B3
00F5A023
00869E13
00E7A223
00DE6FB3
01F71023
00671123
00078693
00038713
00028793
00150513
00878293
1AC2FE63
00470393
0513F463
01051E13
010E5F93
01EFCE33
003E1E13
078E7E13
007FFF93
00D7A023
01FE66B3
00F5A023
00869E13
00E7A223
00DE6FB3
01F71023
00671123
00078693
00038713
00028793
00150513
16A80463
00878293
16C2F063
00470393
0513F463
01051E13
010E5F93
01EFCE33
003E1E13
078E7E13
007FFF93
00D7A023
01FE66B3
00F5A023
00869E13
00E7A223
00DE6FB3
01F71023
00671123
00078693
00038713
00028793
00878293
00150513
10C2F463
00470393
0513F463
01051E13
010E5F93
01EFCE33
003E1E13
078E7E13
007FFF93
00D7A023
01FE66B3
00F5A023
00869E13
00E7A223
00DE6FB3
01F71023
00671123
00078693
00038713
00028793
00878293
00150E13
0AC2F863
00470393
0513F463
010E1F93
010FDF93
01EFCE33
003E1E13
078E7E13
007FFF93
00D7A023
01FE66B3
00F5A023
00869E13
00E7A223
00DE6FB3
01F71023
00671123
00078693
00038713
00028793
00878293
00250E13
04C2FC63
00470393
0513F463
010E1F93
010FDF93
01EFCE33
003E1E13
078E7E13
007FFF93
00D7A023
01FE66B3
00F5A023
00869E13
00E7A223
00DE6FB3
01F71023
00671123
00078693
00038713
00028793
00350513
EAA810E3
0006A603
06060C63
00500893
03185F33
00004837
20000793
00100713
FFF80313
0280006F
00062503
10078813
00E29123
01081293
00170713
0102D793
04050063
00060693
00050613
0046A283
FDE76CE3
7007F393
01D74E33
00062503
01C3EFB3
10078793
006FF6B3
01079893
00D29123
00170713
0108D793
FC0514E3
00100F93
00000813
00000513
00000293
00100393
007FFE93
00128293
00058793
00000613
080E8663
00100F13
07EE8A63
00200313
066E8063
00300E13
05CE8663
00400693
02DE8C63
00500713
02EE8263
00600893
011E8863
0005A783
00100613
0A078A63
0007A783
00160613
0A078463
0007A783
00160613
08078E63
0007A783
00160613
08078863
0007A783
00160613
08078263
0007A783
00160613
06078C63
0007A783
00160613
06078663
07F60463
0007A783
00160613
00060E93
04078C63
0007A783
00160613
04078663
0007A783
002E8613
04078063
0007A783
003E8613
02078A63
0007A783
004E8613
02078463
0007A783
005E8613
00078E63
0007A783
006E8613
00078863
0007A783
007E8613
F8079EE3
000F8693
06060C63
08068C63
08078A63
0045AE03
0047A303
000E1703
00231F03
002E1883
01071E93
010EDE93
008EDE93
F0077713
01D76733
00EE1023
00031E83
41E888B3
010E9E13
010E5F13
F00EF713
008F5E93
01D76E33
01C31023
05105263
00078313
0007A783
FFF68693
02080463
00682023
00030813
F80618E3
02068A63
02078E63
00078313
FFF68693
0007A783
FE0810E3
00030513
00030813
FDDFF06F
00058313
FFF60613
0005A583
FC1FF06F
00078663
00078593
E49FF06F
00082023
02728263
001F9F93
02050063
00050793
00000293
00000813
00000513
00078593
E21FF06F
00008067
00002023
00100073
00068793
00030713
00000693
AE9FF06F
00000013
00000013
00062803
00880893
04E8F663
0006A703
00470313
04F37063
01162023
00052783
00059283
00259603
00F82023
01052023
00E82223
0006A383
00438513
00A6A023
00482583
00080513
00559023
00C59123
00008067
00000813
00080513
00008067
00050793
00052503
0047A683
00452603
00052703
00C7A223
00D52223
00E7A023
00052023
00008067
00000013
00000013
0045A603
00452683
0005A703
00C52223
00D5A223
00E52023
00A5A023
00008067
00259603
02064263
00051863
0480006F
00052503
02050C63
00452303
00231383
FEC398E3
00008067
02050263
00059703
00C0006F
00052503
00050C63
00452783
0007C283
FEE298E3
00008067
00000513
00008067
00008067
00000013
00000013
0A050063
00052783
00000893
01152023
00050693
08078663
0007A703
00D7A023
00078513
08070063
00072283
00F72023
00070513
06028663
0002A303
00E2A023
00028513
04030E63
00032383
00532023
00030513
04038663
0003A583
0063A023
00038513
02058E63
0005A803
0075A023
00058513
02080663
00082603
00B82023
00080513
00080893
00060C63
00060513
00052783
01152023
00050693
F6079EE3
00008067
00008067
00000013
00000013
FD010113
02812423
01612823
01712623
01912223
01A12023
02112623
02912223
03212023
01312E23
01412C23
01512A23
01812423
00050413
00058B13
00060D13
00100B93
00100C93
1A040263
00000C13
00000493
00000A93
007BF713
001C0C13
00040793
00000913
08070663
00100693
06D70A63
00200093
06170063
00300293
04570663
00400313
02670C63
00500393
02770263
00600513
00A70863
00042783
00100913
0A078A63
0007A783
00190913
0A078463
0007A783
00190913
08078E63
0007A783
00190913
08078863
0007A783
00190913
08078263
0007A783
00190913
06078C63
0007A783
00190913
06078663
072B8463
0007A783
00190913
00090593
04078C63
0007A783
00190913
04078663
0007A783
00258913
04078063
0007A783
00358913
02078A63
0007A783
00458913
02078463
0007A783
00558913
00078E63
0007A783
00658913
00078863
0007A783
00758913
F8079EE3
00040A13
000B8993
00078413
02090E63
04098E63
04040C63
00442583
004A2503
000D0613
000B00E7
04A05263
00040613
00042403
FFF98993
02048463
00C4A023
00060493
FC0916E3
02098A63
02040A63
00040613
FFF98993
00042403
FE0490E3
00060A93
00060493
FDDFF06F
000A0613
FFF90913
000A2A03
FC1FF06F
E80412E3
0004A023
019C0C63
001B9B93
000A8413
E61FF06F
00002023
00100073
02C12083
02812403
02412483
02012903
01C12983
01812A03
01012B03
00C12B83
00812C03
00412C83
00012D03
000A8513
01412A83
03010113
00008067
FF010113
01212023
01C52903
00112623
00812423
00912223
02052C23
02052E23
04090463
00050413
00000493
00100593
00040513
DDDFE0EF
03845583
664030EF
02A41C23
FFF00593
00040513
DC5FE0EF
03845583
64C030EF
02A41C23
02048463
00148493
FC9914E3
00C12083
00812403
00412483
00012903
00000513
01010113
00008067
02A41D23
00100793
FCF90EE3
00100493
F99FF06F
00000000
00000000
00000000
00000000
00000000
00000000
FA010113
05212823
04112E23
FFFFF937
04812C23
04912A23
05312623
05412423
05512223
05612023
03712E23
03812C23
03912A23
03A12823
03B12623
00C12223
00D12423
01276933
00051463
6BC0106F
00151413
40A00833
01071993
00860633
00070893
00050F93
00058B93
00181513
0109D993
00060713
00000593
00281813
00A70333
406706B3
FFE68093
0010D293
00128393
0073F493
00030793
0A048463
00100A13
09448663
00200A93
07548A63
00300B13
05648E63
00400C13
05848263
00500C93
03948663
00600D13
01A48A63
00035D83
00230793
01B98EB3
01D31023
0007DF03
00278793
01E98E33
FFC79F23
0007D683
00278793
00D980B3
FE179F23
0007D283
00278793
005983B3
FE779F23
0007D483
00278793
00998A33
FF479F23
0007DA83
00278793
01598B33
FF679F23
0007DC03
00278793
01898CB3
FF979F23
06E78663
0007DD03
0027DD83
0047D383
0067D283
0087DF03
00A7DE83
00C7DE03
00E7D683
01A984B3
01B980B3
00798A33
00598AB3
01E98B33
01D98C33
01C98CB3
00D98D33
00979023
00179123
01479223
01579323
01679423
01879523
01979623
01A79723
01078793
F8E79EE3
00158493
41030733
009F8663
00048593
EC5FF06F
00000E93
00000F13
00C50333
406607B3
FFE78F93
001FDD93
001D8393
002E9293
0073F693
017287B3
00030713
0C068263
00100E13
0BC68263
00200093
08168463
00300A13
07468663
00400A93
05568863
00500B13
03668A63
00600C13
01868C63
00031C83
00230713
00478793
031C8D33
FFA7AE23
00071F83
00478793
00270713
031F8DB3
FFB7AE23
00071383
00478793
00270713
031382B3
FE57AE23
00071683
00478793
00270713
03168E33
FFC7AE23
00071083
00478793
00270713
03108A33
FF47AE23
00071A83
00478793
00270713
031A8B33
FF67AE23
00071C03
00478793
00270713
031C0CB3
FF97AE23
06C70863
00071D03
00271D83
00471083
00671383
00871283
00A71F83
00C71E03
00E71683
031D0AB3
01070713
02078793
031D8A33
FF57A023
03108B33
FF47A223
03138C33
FF67A423
03128CB3
FF87A623
031F8D33
FF97A823
031E0DB3
FFA7AA23
031680B3
FFB7AC23
FE17AE23
F8C71CE3
001F0713
009E8EB3
41030633
00BF0663
00070F13
E99FF06F
00249F13
01EB8B33
40900333
01E12623
000B0693
00000513
00000E93
00000E13
00000893
00331313
00D803B3
407687B3
FFC78293
0022DF93
001F8A93
007AFA13
00038613
280A0E63
00100C13
138A0C63
00200C93
119A0263
00300D13
0DAA0863
00400D93
09BA0E63
00500093
061A0463
00600713
02EA0A63
000E8613
0003AE83
01051513
01055F13
01DE0E33
01C94463
3300106F
00AF0E13
010E1A93
410AD513
00000E13
00438613
000E8A13
00062E83
01051C13
010C5C93
01DE0E33
3BC95863
00AC8713
01071513
41055513
00000E13
00460613
000E8F13
00062E83
01051793
0107D293
01DE0E33
37C95863
00A28E13
010E1C13
410C5513
00000E13
00460613
000E8C93
00062E83
01051D13
010D5D93
01DE0E33
33C95863
00AD8F13
010F1793
4107D513
00000E13
00460613
000E8293
00062E83
01051F93
010FDA93
01DE0E33
2FC95863
00AA8E13
010E1D13
410D5513
00000E13
00460613
000E8D93
00062E83
01051093
0100D713
01DE0E33
2BC95863
00A70293
01029F93
410FD513
00000E13
00460613
000E8A93
00062E83
01051A13
010A5C13
01DE0E33
27C95863
00AC0E13
010E1093
4100D513
00000E13
00460613
12D61863
00188F93
406386B3
2D158263
000F8893
E65FF06F
00EEAEB3
00462C83
01DF07B3
01079293
4102DA13
010A1D13
019C0E33
00460613
010D5D93
13C95863
00462283
00AD8E93
010E9793
4107DF13
00000E13
010F1F93
005E0A33
010FDA93
13495863
00862703
00AA8E13
010E1093
4100DD93
00000A13
010D9513
00EA0FB3
01055F13
13F95863
00C62C83
00AF0A13
010A1C13
410C5A93
00000F93
010A9D13
019F80B3
010D5D93
12195863
01062283
00AD8F93
010F9E93
410EDF13
00000093
010F1793
00508A33
0107DA93
13495863
01462703
00AA8093
01009E13
410E5D93
00000A13
010D9513
00EA0FB3
01055F13
13F95863
01862E83
00AF0A13
010A1C13
410C5A93
00000F93
010A9C93
01DF8E33
010CDD13
13C95863
00AD0513
01051F13
410F5513
00000E13
01C60613
ECD60CE3
00062703
01051513
01055F13
00EE0C33
ED895CE3
00462C83
00AF0F93
010F9A93
410ADA13
00000C13
010A1D13
019C0E33
00460613
010D5D93
EDC94CE3
019720B3
00462283
001D8733
01071513
41055F13
010F1F93
005E0A33
010FDA93
ED494CE3
005CAC33
00862703
018A8CB3
010C9D13
410D5D93
010D9513
00EA0FB3
01055F13
EDF94CE3
00E2AEB3
00C62C83
01DF07B3
01079293
4102DA93
010A9D13
019F80B3
010D5D93
EC194CE3
01972E33
01062283
01CD8733
01071513
41055F13
010F1793
00508A33
0107DA93
ED494CE3
005CAC33
01462703
018A8CB3
010C9D13
410D5D93
010D9513
00EA0FB3
01055F13
EDF94CE3
00E2AEB3
01DF02B3
01862E83
01029793
4107DA93
010A9C93
01DF8E33
010CDD13
EDC94CE3
01D72DB3
01BD00B3
01009713
41075513
ED5FF06F
01DAACB3
019C0D33
010D1D93
410DD513
D95FF06F
01DDA533
00A70F33
010F1793
4107D513
D55FF06F
01D2AA33
014A8C33
010C1C93
410CD513
D15FF06F
01DCA0B3
001D8733
01071513
41055513
CD5FF06F
01DF2FB3
01F28AB3
010A9A13
410A5513
C95FF06F
01DA2D33
01AC8DB3
010D9093
4100D513
C55FF06F
00000593
5E8030EF
00812383
00412D83
000B8593
008382B3
00000F93
01212823
00A12A23
407287B3
FFE78A93
001ADA13
001A0C13
001F9E93
007C7C93
01DD86B3
00038613
00000793
0C0C8E63
00100D13
0BAC8C63
00200E13
09CC8C63
00300093
061C8C63
00400713
04EC8C63
00500513
02AC8C63
00600F13
01EC8C63
00069303
00039803
00268693
00238613
030307B3
00069903
00061883
00268693
00260613
03190AB3
015787B3
00069A03
00061C03
00268693
00260613
038A0EB3
01D787B3
00069C83
00061D03
00268693
00260613
03AC8E33
01C787B3
00069083
00061703
00268693
00260613
02E08533
00A787B3
00069F03
00061303
00268693
00260613
026F0833
010787B3
00069903
00061883
00260613
00268693
03190AB3
015787B3
08C28863
00069A03
00061E03
00261A83
00269D03
03CA0733
00469083
00461C83
00669E83
00661C03
00869303
00861A03
00A69883
00A61903
00C69803
035D0D33
00C61F03
00E69503
00E61E03
00E787B3
01060613
01068693
03908AB3
01A780B3
038E8CB3
01508EB3
03430C33
019E8333
03288733
01830A33
03E808B3
00EA0933
03C50833
01190F33
010F07B3
F6C29CE3
00F5A023
00458593
009F8FB3
E76594E3
01012903
01412D83
00000693
00000513
00000893
00000713
00000613
00269B13
016B83B3
00088293
0003A883
FFF48593
01051513
01170733
0035FF93
01055E13
46E95CE3
00AE0093
01009C93
410CD513
00000713
00100813
00438593
1E987063
120F8C63
070F8663
00200E93
03DF8A63
00088C13
0043A883
01051313
01035A13
01170733
4EE954E3
00AA0713
01071293
4102D513
00000713
00180813
00458593
00088F93
0005A883
01051513
01055E13
01170733
44E95AE3
00AE0093
01009C93
410CD513
00000713
00180813
00458593
00088E93
0005A883
01051C13
010C5313
01170733
40E958E3
00A30393
01039713
41075513
00000713
00180813
00458593
08986C63
1380006F
0058A8B3
0045AE83
01150E33
010E1D13
410D5093
01009313
01DC8C33
00180813
00458593
01035A13
0B895463
0045A503
00AA0293
01029F93
410FD713
00000C13
01071893
00AC0D33
0108DE13
0BA95463
0085A883
00AE0E93
010E9C13
410C5C93
00000D13
010C9313
011D0733
01035A13
0AE95463
00AA0293
01029F93
00380813
410FD513
00000713
00C58593
0A987463
0005A283
01051F93
010FD513
00570CB3
F79950E3
0045AE83
00A50793
01079A93
410AD093
00000C93
01009313
01DC8C33
00180813
00458593
01035A13
F78940E3
01D2AF33
0045A503
01EA0B33
010B1393
4103D713
01071893
00AC0D33
0108DE13
F7A940E3
00AEA7B3
0085A883
00FE0AB3
010A9093
4100DC93
010C9313
011D0733
01035A13
F6E940E3
01152F33
01EA0B33
010B1393
00380813
4103D513
00C58593
F69860E3
00160613
009686B3
DC966CE3
000D8593
1E0030EF
00412383
00C12C03
00812C83
00A12823
00000513
000B8D13
01712E23
01212A23
01312C23
00050B93
000C8593
000D0293
00000F93
00039983
00059E03
FFF48A93
00100513
03C987B3
007AF093
00238693
00858633
1A957463
0E008C63
0CA08A63
00200E93
0BD08863
00300893
09108663
00400313
06608463
00500A13
05408263
00600713
02E08063
00069F03
00061B03
00200513
00438693
036F0833
00860633
010787B3
00069903
00061D83
00150513
00268693
03B909B3
00860633
013787B3
00069E03
00061A83
00150513
00268693
035E00B3
00860633
001787B3
00069E83
00061883
00150513
00268693
031E8333
00860633
006787B3
00069A03
00061703
00150513
00268693
02EA0F33
00860633
01E787B3
00069B03
00061803
00150513
00268693
030B0933
00860633
012787B3
00069D83
00061983
00150513
00268693
033D8E33
00860633
01C787B3
0A957863
00860AB3
00069883
00061303
008A80B3
00269F03
000A9E83
00808A33
02688733
008A0B33
000A1A83
008B0933
000B1A03
00009D83
00469983
00669083
00869E03
00890833
03DF0B33
00A69303
00091903
00C69883
00081F03
00880633
00061E83
00E69803
00E787B3
00850513
03B989B3
01678DB3
01068693
00860633
035080B3
013D8733
034E0AB3
00170E33
03230A33
015E0333
03E88933
014308B3
03D80B33
01288F33
016F07B3
F4956CE3
00F2A023
001F8F93
00428293
00258593
E29FE4E3
001B8B93
008383B3
018D0D33
E09BE6E3
01412903
01812983
01C12B83
00000693
00000893
00000E13
00000713
00000613
00269D13
01AB83B3
000E0C13
0003AE03
FFF48C93
01089593
01C70733
003CF293
0105DF93
7CE95E63
00AF8793
01079D93
410DD893
00000713
00100513
00438593
1E957063
12028C63
06A28663
00200093
02128A63
000E0A93
0043AE03
01089A13
010A5313
01C70733
06E950E3
00A30713
01071D13
410D5893
00000713
00150513
00458593
000E0393
0005AE03
01089C13
010C5C93
01C70733
00E954E3
00AC8E93
010E9793
4107D893
00000713
00150513
00458593
000E0D93
0005AE03
01089093
0100DA93
01C70733
76E95A63
00AA8B13
010B1F13
410F5893
00000713
00150513
00458593
08956C63
1380006F
01AE2E33
0045AD83
01CC0CB3
010C9293
4102D813
01081793
01BE80B3
00150513
00458593
0107DA93
0A195463
0045A383
00AA8F13
010F1D13
410D5B13
00000093
010B1C13
00708CB3
010C5E13
0B995463
00AE0E93
0085AE03
010E9D93
410DD813
00000C93
01081093
01CC8733
0100D793
0AE95463
00A78B13
010B1F13
00350513
410F5893
00000713
00C58593
0A957463
0005AD03
01089393
0103DC13
01A70EB3
F7D950E3
0045AD83
00AC0713
01071F93
410FD813
00000E93
01081793
01BE80B3
00150513
00458593
0107DA93
F61940E3
01BD2A33
0045A383
014A8333
01031893
4108DB13
010B1C13
00708CB3
010C5E13
F79940E3
007DA2B3
005E0733
0085AE03
01071F93
410FD813
01081093
01CC8733
0100D793
F6E940E3
01C3AAB3
01578A33
010A1313
00350513
41035893
00C58593
F69560E3
00160613
009686B3
DC966CE3
01012583
00088513
000B8D13
565020EF
00412283
00C12E83
00812383
00050593
00000F93
00038D93
000D0E13
00000313
00029C03
000D9C83
FFF48093
00100813
039C0733
0030FA93
00228513
008D8633
40575A13
40275793
00F7F893
07FA7B13
03688A33
14987A63
0A0A8263
070A8663
00200F13
03EA8A63
00051683
00061C03
00200813
00428513
03868CB3
00860633
402CD093
405CDA93
00F0F713
07FAF793
02F708B3
011A0A33
00051B03
00061F03
00180813
00250513
03EB06B3
00860633
4026DC13
4056DC93
00FC7093
07FCFA93
03508733
00EA0A33
00051783
00061883
00180813
00250513
03178B33
00860633
402B5F13
405B5693
00FF7C13
07F6FC93
039C00B3
001A0A33
0A987863
008608B3
00051F03
00061A83
008887B3
00251703
00089C03
00451B03
00878633
00079083
035F06B3
00061883
00651C83
00480813
00850513
00860633
03870F33
4026DA93
4056D713
00FAFC13
07F77793
021B00B3
405F5693
402F5B13
07F6F713
00FB7F13
031C8CB3
4020D893
4050D093
00F8FA93
07F0FB13
02FC07B3
405CD693
402CDC13
00FC7C93
07F6F893
02EF0F33
00FA0A33
036A8733
01EA00B3
031C8AB3
00E08B33
015B0A33
F4986CE3
014E2023
00130313
004E0E13
002D8D93
E69364E3
001F8F93
008282B3
01DD0D33
E49FE6E3
00000713
00000513
00000813
00000613
00000693
00271413
008B8D33
00080293
000D2803
FFF48F93
01051E93
01060633
003FF393
010EDD93
3CC95A63
00AD8613
01061793
4107D513
00000613
00100313
004D0893
1E937063
12038C63
06638663
00200C13
03838A63
00080C93
004D2803
01051F13
010F5A13
01060633
42C95863
00AA0413
01041D13
410D5513
00000613
00130313
00488893
00080293
0008A803
01051F93
010FD393
01060633
3CC95C63
00A38513
01051613
41065513
00000613
00130313
00488893
00080793
0008A803
01051C13
010C5C93
01060633
36C95663
00AC8A93
010A9B13
410B5513
00000613
00130313
00488893
08936C63
1380006F
00882833
0048AC03
01028FB3
010F9393
4103DE13
010E1793
01850633
00130313
00488893
0107DC93
0AC95463
0048AD03
00AC8B13
010B1413
41045A93
00000613
010A9293
01A603B3
0102DF93
0A795463
00AF8513
0088A803
01051C13
410C5E13
010E1613
00000393
01065793
01038633
0AC95463
00A78093
01009A93
00330313
410AD513
00000613
00C88893
0A937463
0008A403
01051D13
010D5293
00860533
F6A950E3
0048AC03
00A28E93
010E9D93
410DDE13
00000513
010E1793
01850633
00130313
00488893
0107DC93
F6C940E3
01842F33
0048AD03
01EC8A33
010A1093
4100DA93
010A9293
01A603B3
0102DF93
F67940E3
01AC2833
010F8EB3
010E9D93
0088A803
410DDE13
010E1613
01065793
01038633
F6C940E3
010D2CB3
01978F33
010F1A13
00330313
410A5513
00C88893
F69360E3
00168693
00970733
DC96ECE3
155020EF
00412B03
00050E13
00000913
00000B93
00191593
00BB0433
00045D03
FFF48293
00100713
413D0FB3
01F41023
0072F393
00240793
12977863
0C038063
0AE38263
00200E93
09D38463
00300D93
07B38663
00400513
04A38863
00500C13
03838A63
00600813
01038C63
00245603
00200713
00440793
41360CB3
01941123
0007DF03
00170713
00278793
413F0A33
FF479F23
0007D083
00170713
00278793
41308AB3
FF579F23
0007D303
00170713
00278793
413308B3
FF179F23
0007D683
00170713
00278793
413685B3
FEB79F23
0007D403
00170713
00278793
41340D33
FFA79F23
0007D283
00278793
00170713
41328FB3
FFF79F23
06977863
0007D383
0027DE83
0047DD83
0067DC03
0087D503
00A7DC83
00C7D603
00E7DA03
413380B3
413E8AB3
413D8F33
413C0833
41350333
413C88B3
413605B3
413A06B3
00179023
01579123
01E79223
01079323
00679423
01179523
00B79623
00D79723
00870713
01078793
F8976CE3
001B8B93
00990933
EA9BE2E3
05C12083
05812403
010E1493
05012903
04C12983
04812A03
04412A83
04012B03
03C12B83
03812C03
03412C83
03012D03
02C12D83
4104D513
05412483
06010113
00008067
01CC2533
00AF8833
01081E93
410ED893
829FF06F
0102AE33
01CD8333
01031513
41055513
C31FF06F
0112AD33
01AE07B3
01079A93
410AD513
B8CFF06F
01CDAA33
014A8333
01031893
4108D893
891FF06F
0107AF33
01EC8A33
010A1093
4100D513
C99FF06F
011EAA33
01430F33
010F1B13
410B5513
BF4FF06F
011FAD33
01AE07B3
01079A93
410AD513
BB0FF06F
0102AEB3
01D38DB3
010D9E13
410E5513
C2DFF06F
01C3A2B3
005C8FB3
010F9813
41085893
FFCFF06F
010CA0B3
001A0AB3
010A9B13
410B5513
BD5FF06F
01CAA8B3
01130B33
010B1F13
410F5893
FA4FF06F
011C2F33
01EA0B33
010B1393
4103D513
B1CFF06F
01D627B3
00FF02B3
01029F93
410FD513
CD5FE06F
00000593
694020EF
00050593
00000513
688020EF
00050593
00000513
67C020EF
00050593
00000513
670020EF
00050E13
E89FF06F
00000013
FF010113
00812423
00852683
00060413
00058713
00452603
00C52583
00052503
00112623
89DFE0EF
00040593
00812403
00C12083
01010113
6280206F
00000013
FD010113
03212223
02812623
02912423
03312023
01412E23
01512C23
01612A23
01712823
01812623
01912423
01A12223
00050713
00068913
00061463
00100613
FFF58593
FFC5F413
00440A13
00000793
3A070E63
00178293
025286B3
00278813
00378E13
00478F13
00578E93
00678893
00778313
00078513
00878793
00369393
06E3FA63
030809B3
00028513
00399B13
06EB7263
03CE0BB3
00080513
003B9C13
04EC7A63
03EF0CB3
000E0513
003C9D13
04ED7263
03DE8FB3
000F0513
003F9593
02E5FA63
03188433
000E8513
00341A93
02EAF263
026304B3
00088513
00349293
00E2FA63
02F78833
00030513
00381E13
F6EE62E3
02A50733
00050A93
00171493
009A0433
2A050A63
00010EB7
00000693
00000393
00100F93
408A0F33
FFFE8E93
FFF50993
03F60633
010F9893
0108D793
00169313
00830B33
FFF50C13
003C7C93
016F0BB3
00100E13
001F8813
41F65D13
010D5293
00560733
01D77633
40560633
00C788B3
01089313
01035C13
00FC07B3
018B1023
0FF7FD13
01AB9023
002B0593
20AE7C63
0E0C8C63
0BCC8263
00200B93
057C8863
03060CB3
01081813
01085293
00BF08B3
004B0593
002F8813
00200E13
41FCD713
01075313
006C8633
01D67C33
406C0633
00C287B3
01079D13
010D5B93
005B8CB3
017B1123
0FFCFB13
01689023
030602B3
01081893
0108D313
00BF0C33
001E0E13
00180813
00258593
41F2D713
01075793
00F28633
01D67D33
40FD0633
00C30BB3
010B9C93
010CDB13
006B02B3
FF659F23
0FF2F893
011C1023
03060333
01081C13
010C5793
00BF0D33
00258593
001E0E13
00180813
41F35713
01075B93
01730633
01D67CB3
417C8633
00C78B33
010B1293
0102D893
00F88333
FF159F23
0FF37C13
018D1023
12AE7063
03060633
00280793
00380B13
01081D13
010D5293
01079893
010B1D13
0108D313
010D5893
00180713
41F65D13
010D5D13
01A60633
01D67633
41A60D33
01071B93
02ED0733
01A28633
01061D13
010D5613
005602B3
00BF0CB3
00C59023
0FF2FD13
01AC9023
000C8C13
000C8613
000C8293
41F75C93
010CDD13
01A70733
01D77CB3
41AC8D33
02FD07B3
010BDB93
01AB8733
01071C93
010CDD13
017D0BB3
01A59123
0FFBF713
00EC1123
00858593
41F7DC13
010C5C93
019787B3
01D7FD33
419D0BB3
036B8B33
01730733
01071C13
010C5C93
006C8333
FF959E23
0FF37793
00F61223
004E0E13
00480813
41FB5613
01065D13
01AB0BB3
01DBFB33
41AB0633
00C88733
01071C13
010C5C93
011C88B3
FF959F23
0FF8F313
00629323
EEAE64E3
001F8F93
00000E13
00050463
00098E13
00138393
01FE0FB3
00A686B3
D6A3E8E3
009404B3
FFF48693
00892423
FFC6F393
02C12403
00438F13
01492223
01592023
01E92623
02812483
02412903
02012983
01C12A03
01812A83
01412B03
01012B83
00C12C03
00812C83
00412D03
03010113
00008067
00640413
FFF00A93
FFF00513
00200493
CEDFF06F
00050813
48050663
40A008B3
00251713
00E58733
00289313
00000593
00000513
00000F93
00000E93
00389893
00E306B3
40D707B3
FFC78293
0022D393
00138E13
007E7793
00068E13
28078A63
00100F13
13E78A63
00200293
10578063
00300393
0C778663
00400F13
09E78C63
00500293
06578263
00600393
02778863
000F8E13
0006AF83
01051513
01055F13
01FE8EB3
3FD65663
00AF0E93
010E9E13
410E5513
00000E93
00468E13
000F8F13
000E2F83
01051513
01055293
01FE8EB3
3BD65663
00A28E93
010E9513
41055513
00000E93
004E0E13
000F8293
000E2F83
01051793
0107D393
01FE8EB3
37D65663
00A38E93
010E9793
4107D513
00000E93
004E0E13
000F8393
000E2F83
01051F13
010F5513
01FE8EB3
33D65663
00A50E93
010E9F13
410F5513
00000E93
004E0E13
000F8293
000E2F83
01051513
01055393
01FE8EB3
2FD65663
00A38E93
010E9513
41055513
00000E93
004E0E13
000F8393
000E2F83
01051793
0107DF13
01FE8EB3
2BD65663
00AF0E93
010E9793
4107D513
00000E93
004E0E13
000F8F13
000E2F83
01051293
0102D513
01FE8EB3
27D65663
00A50E93
010E9293
4102D513
00000E93
004E0E13
13C71663
00158593
41168733
E6B818E3
00008067
007FAFB3
01FF07B3
004E2F83
01079293
4102DF13
010F1793
01FE8533
004E0E13
0107D293
12A65863
004E2383
00A28293
01029513
41055793
00000513
01079F13
00750EB3
010F5793
13D65863
008E2F83
00A78793
01079E93
410EDF13
00000E93
010F1293
01FE8EB3
0102D513
13D65863
00CE2383
00A50513
01051E93
410ED293
00000E93
01029F13
007E82B3
010F5793
12565863
00A78793
010E2F83
01079293
4102DF13
00000293
010F1513
01F28EB3
01055793
13D65863
014E2383
00A78793
01079E93
410ED513
00000E93
01051F13
007E8EB3
010F5293
13D65863
018E2F83
00A28293
01029E93
410EDF13
00000E93
010F1513
01FE8EB3
01055793
13D65863
00A78513
01051793
4107D513
00000E93
01CE0E13
EDC70EE3
000E2383
01051513
01055F13
007E8EB3
EDD65CE3
00AF0E93
004E2F83
010E9513
41055F13
00000E93
010F1793
01FE8533
004E0E13
0107D293
ECA64CE3
01F3A3B3
00728F33
004E2383
010F1E93
410ED793
01079F13
00750EB3
010F5793
EDD64CE3
007FAFB3
01F782B3
008E2F83
01029513
41055F13
010F1293
01FE8EB3
0102D513
EDD64CE3
01F3A3B3
00750F33
00CE2383
010F1793
4107D293
01029F13
007E82B3
010F5793
EC564CE3
007FAFB3
01F78533
010E2F83
01051E93
410EDF13
010F1513
01F28EB3
01055793
EDD64CE3
01F3A3B3
00778F33
014E2383
010F1293
4102D513
01051F13
007E8EB3
010F5293
EDD64CE3
007FAFB3
01F28533
018E2F83
01051793
4107DF13
010F1513
01FE8EB3
01055793
EDD64CE3
01F3A3B3
00778F33
010F1293
4102D513
ED5FF06F
01FF23B3
007507B3
01079F13
410F5513
D99FF06F
01F3A2B3
005F0533
01051393
4103D513
D59FF06F
01F2A7B3
00F38F33
010F1293
4102D513
D19FF06F
01F3A2B3
005507B3
01079393
4103D513
CD9FF06F
01F2AF33
01E38533
01051293
4102D513
C99FF06F
01FF27B3
00F283B3
01039F13
410F5513
C59FF06F
01FE27B3
00FF02B3
01029393
4103D513
C19FF06F
00000513
00008067
00000013
00000013
1A050863
FF010113
40A003B3
00151813
00812623
00912423
00139413
01212223
01312023
01060833
00000F93
00000293
00239393
010408B3
41180633
FFE60313
00135493
00148713
002F9793
00777913
00F587B3
00088713
0C090263
00100993
0B390263
00200E13
09C90463
00300E93
07D90663
00400F13
05E90863
00500613
02C90A63
00600313
00690C63
00089483
00288713
00478793
02D48933
FF27AE23
00071983
00478793
00270713
02D98E33
FFC7AE23
00071E83
00478793
00270713
02DE8F33
FFE7AE23
00071603
00478793
00270713
02D60333
FE67AE23
00071483
00478793
00270713
02D48933
FF27AE23
00071983
00478793
00270713
02D98E33
FFC7AE23
00071E83
00478793
00270713
02DE8F33
FFE7AE23
06E80863
00071983
00271903
00471483
00671F03
00871E83
00A71E03
00C71303
00E71603
02D989B3
01070713
02078793
02D90933
FF37A023
02D484B3
FF27A223
02DF0F33
FE97A423
02DE8EB3
FFE7A623
02DE0E33
FFD7A823
02D30333
FFC7AA23
02D60633
FE67AC23
FEC7AE23
F8E81CE3
00128293
00AF8FB3
40788833
EA5510E3
00C12403
00812483
00412903
00012983
01010113
00008067
00008067
00000013
00000013
00000013
22050E63
40A002B3
01061693
00151793
00129393
0106D693
00F58633
00000F93
00229293
00C385B3
40B60733
FFE70313
00135813
00180893
0078FE13
00058793
0A0E0463
00100E93
09DE0663
00200F13
07EE0A63
00300713
04EE0E63
00400313
046E0263
00500813
030E0663
00600893
011E0A63
0005DE03
00258793
01C68EB3
01D59023
0007DF03
00278793
01E68733
FEE79F23
0007D303
00278793
00668833
FF079F23
0007D883
00278793
01168E33
FFC79F23
0007DE83
00278793
01D68F33
FFE79F23
0007D703
00278793
00E68333
FE679F23
0007D803
00278793
010688B3
FF179F23
14F60663
FF010113
00812623
0007D403
0027DF03
0047DE83
0067DE03
0087D303
00A7D883
00C7D803
00E7D703
00868433
01E68F33
01D68EB3
01C68E33
00668333
011688B3
01068833
00E68733
00879023
01E79123
01D79223
01C79323
00679423
01179523
01079623
00E79723
01078793
F8F61EE3
001F8F93
40558633
0DF50263
00C385B3
40B607B3
FFE78413
00145F13
001F0E93
007EFE13
00058793
F60E08E3
00100313
066E0E63
00200893
071E0263
00300813
050E0663
00400713
02EE0A63
00500413
008E0E63
00600F13
09EE1863
0007D303
00278793
006688B3
FF179F23
0007D803
00278793
01068733
FEE79F23
0007D403
00278793
00868F33
FFE79F23
0007DE83
00278793
01D68E33
FFC79F23
0007D303
00278793
006688B3
FF179F23
0007D803
00278793
01068733
FEE79F23
ECF61EE3
001F8F93
40558633
F5F512E3
00C12403
01010113
00008067
001F8F93
40558633
DFF516E3
00008067
0005DE83
00258793
01D68E33
01C59023
F65FF06F
00000013
00000013
00000013
20050A63
FD010113
00251F93
00151E93
02812623
02912423
03212223
03312023
01412E23
01512C23
01612A23
01712823
01812623
01912423
00058E13
01F58FB3
01D68EB3
00000F13
40DE88B3
FFE88293
0012D313
00130393
001F1793
0073F413
00F607B3
00068713
00000313
0C040E63
00100593
0AB40C63
00200493
08940C63
00300813
07040C63
00400913
05240C63
00500993
03340C63
00600A13
01440C63
00079A83
00069B03
00278793
00268713
036A8333
00079B83
00071C03
00278793
00270713
038B8CB3
01930333
00079883
00071283
00278793
00270713
025883B3
00730333
00079403
00071583
00278793
00270713
02B404B3
00930333
00079903
00071803
00278793
00270713
030909B3
01330333
00079A03
00071A83
00278793
00270713
035A0B33
01630333
00079B83
00071C03
00270713
00278793
038B8CB3
01930333
08EE8863
00079283
00071883
00271C83
00279A83
00479583
00471C03
03128833
00679483
00671B83
00879403
00871B03
00A79383
00A71A03
00C79283
00C71983
00E79883
039A8AB3
00E71903
01030333
01070713
01078793
03858CB3
015305B3
03748C33
019584B3
03640BB3
01848833
03438433
01780B33
033283B3
008B0A33
032882B3
007A09B3
00598333
F6EE9CE3
006E2023
004E0E13
00AF0F33
E7CF94E3
02C12403
02812483
02412903
02012983
01C12A03
01812A83
01412B03
01012B83
00C12C03
00812C83
03010113
00008067
00008067
00000013
00000013
FC010113
02812E23
02912C23
03212A23
03312823
03412623
03512423
03612223
03712023
01812E23
01912C23
01A12A23
01B12823
00B12623
20050863
00060393
00151613
00050B93
00068D13
00C38FB3
00000C13
00000C93
00C12783
002C1293
000D0F13
005782B3
00000413
407F8733
FFE70313
00135493
00148513
00757813
000F0593
00038693
00000793
0C080E63
00100893
0B180C63
00200913
09280C63
00300993
07380C63
00400A13
05480C63
00500A93
03580C63
00600B13
01680C63
00039D83
000F1E03
00238693
00CF05B3
03CD87B3
00069E83
00059703
00268693
00C585B3
02EE8333
006787B3
00069483
00059503
00268693
00C585B3
02A48833
010787B3
00069883
00059903
00268693
00C585B3
032889B3
013787B3
00069A03
00059A83
00268693
00C585B3
035A0B33
016787B3
00069D83
00059E03
00268693
00C585B3
03CD8EB3
01D787B3
00069703
00059303
00268693
00C585B3
026704B3
009787B3
0ADF8663
00C58833
00069883
00059903
00081E03
00269B03
03288733
00C80533
00C50A33
00051D83
00469983
000A1A83
00CA0EB3
00669483
00CE85B3
00869303
03CB0B33
000E9A03
00A69883
00059903
00C58533
00C69803
00051E83
00C505B3
00059E03
00E69503
03B989B3
00E787B3
01678DB3
01068693
00C585B3
035484B3
013D8733
03430AB3
00970333
03288A33
015308B3
03D80933
01488833
03C50B33
01280EB3
016E87B3
F4DF9EE3
00F2A023
00140693
00428293
002F0F13
00DB8663
00068413
E45FF06F
001C8293
00C383B3
017C0C33
00CF8FB3
008C8663
00028C93
E15FF06F
03C12403
03812483
03412903
03012983
02C12A03
02812A83
02412B03
02012B83
01C12C03
01812C83
01412D03
01012D83
04010113
00008067
20050863
FE010113
00151893
00812E23
00912C23
01212A23
01312823
01412623
01512423
01612223
00050293
00058493
00068913
00060F13
01160333
00000393
00000413
00239E93
01D48EB3
00090E13
00000F93
41E307B3
FFE78513
00155593
00158613
00367A13
000E0813
000F0693
00000993
080A0C63
00100713
06EA0063
00200A93
035A0663
000F1983
000E1B03
002F0693
011E0833
03698533
40255793
40555593
00F7F613
07F5FA13
034609B3
00069A83
00081703
00268693
01180833
02EA8B33
402B5513
405B5793
00F57593
07F7F613
02C58A33
014989B3
00069A83
00081703
00268693
01180833
02EA8B33
402B5513
405B5793
00F57593
07F7F613
02C58A33
014989B3
0AD30663
01180AB3
00081603
00069A03
000A9703
011A8B33
00269503
011B0833
00469583
000B1B03
02CA0A33
00081A83
00669603
00868693
01180833
02E50533
402A5793
405A5A13
00F7F713
07FA7793
036585B3
40255B13
40555513
00FB7A13
07F57B13
03560633
4025DA93
4055D593
00FAFA93
07F5F593
02F707B3
40565513
40265713
00F77713
07F57613
036A0A33
00F989B3
02BA8B33
01498AB3
02C705B3
016A87B3
00B789B3
F4D31EE3
013EA023
001F8693
004E8E93
002E0E13
00D28663
00068F93
E89FF06F
00140E93
011F0F33
005383B3
01130333
01F40663
000E8413
E5DFF06F
01C12403
01812483
01412903
01012983
00C12A03
00812A83
00412B03
02010113
00008067
00008067
00000000
00000000
00000000
FF010113
00812623
FFF50893
00100793
2B17F263
00158593
01059293
0010E337
0102D593
00000713
92030313
00700E93
00800F93
00400813
00100E13
02C00F13
0980006F
24D86663
FFD68693
01069393
00241413
0103D293
008307B3
225E6263
0107A683
00900413
00800393
008702B3
0912FA63
0006C403
00E607B3
00878023
0016C703
00E780A3
0026C403
00878123
0036C703
00E781A3
03038463
0046C403
00878223
0056C703
00E782A3
0066C403
00878323
01F39663
0076C683
00D783A3
00158593
007783B3
01059793
01E38023
0107D593
00028713
0035D393
0075F693
0033F413
F7D690E3
00241793
00F302B3
00900413
0302A683
008702B3
00800393
F712EAE3
16A77863
00E60433
40800E33
40E888B3
00500813
40E50EB3
003E7F13
11187063
00070393
020F0A63
00040023
00100F93
00170393
03FF0263
007605B3
00058023
00300313
00270393
006F1863
007606B3
00068023
00370393
41EE8433
FFC47293
FFC28793
0027DE13
00EF08B3
001E0713
011607B3
00777813
00F28EB3
06080463
00100F13
05E80A63
00200F93
05F80263
00300593
02B80A63
00400313
02680263
00500693
00D80A63
00600293
0E581C63
0007A023
00478793
0007A023
00478793
0007A023
00478793
0007A023
00478793
0007A023
00478793
0007A023
00478793
03D78663
0007A023
0007A223
0007A423
0007A623
0007A823
0007AA23
0007AC23
0007AE23
02078793
FDD79EE3
FFC47E13
007E0733
048E0E63
00E60433
00040023
00170393
04A3F663
007608B3
00088023
00270813
02A87E63
01060EB3
000E8023
00370F13
02AF7663
01E60FB3
000F8023
00470593
00A5FE63
00B60333
00030023
00570693
00A6F663
00D60533
00050023
00C12403
01010113
00008067
0007A683
00500413
00400393
DE1FF06F
00241793
00F302B3
0202A683
00900413
00800393
DC9FF06F
0007A023
00478793
F05FF06F
00000713
E51FF06F
00000013
00052783
00050813
00000513
0007C683
00078713
0C068C63
02C00513
00178713
2AA68863
0005A883
FD068613
0FF67293
00900313
00188393
0A536E63
0075A023
0017C303
16030063
00278793
14A30A63
FD030613
02E00F13
00900F93
02C00893
0FF67293
03E30663
0C5FE063
00174303
00178513
00078713
12030463
29130863
FD030613
00050793
0FF67293
FDE31EE3
0105A383
00500513
00138E13
01C5A823
00174303
00078713
04030263
02C00713
00178393
20E30863
04500E93
00900F13
02C00F93
FD030893
0DF37293
0FF8F693
0DD28E63
1ADF7063
0145A783
00038713
00100513
00178613
00C5AA23
00E82023
00008067
02B00E13
05C68663
02D00E93
05D68263
02E00F13
19E68463
0045AF83
0075A023
00100513
001F8793
00F5A223
00E82023
00008067
0105A683
00078713
00100513
00168793
00F5A823
00E82023
00008067
0075A023
0017C883
1A088663
00278713
1AA88263
0085A603
FD088693
0FF6F293
00900513
00160313
00557E63
02E00393
12788C63
0065A423
00100513
00E82023
00008067
0065A423
0027C303
00030A63
02C00E93
00170793
EBD31AE3
00078713
00400513
F45FF06F
0145A503
00150E13
01C5AA23
0017CE83
120E8463
02C00F13
00138713
13EE8063
00C5AF83
FD5E8893
0FD8F293
001F8693
00D5A623
00028863
00100513
00E82023
00008067
0013C603
0E060E63
00238713
0FE60A63
0185A303
FD060793
0FF7F513
00130E93
00900E13
01D5AC23
FCAE66E3
0023C603
0A060E63
00338513
0BE60863
00900393
02C00F13
FD060F93
0FFFF893
0113FE63
0045A283
00050713
00100513
00128693
00D5A223
E99FF06F
00174603
00150313
00050713
06060A63
09E60C63
00030513
FC5FF06F
0017C303
00138713
00038793
04030263
05F30263
00070393
E39FF06F
0075A023
0017C303
02030863
00278393
02A30263
00070793
E11FF06F
0065A423
0027C303
00030A63
02C00E13
00170393
FFC312E3
00038713
00500513
E21FF06F
00000513
E19FF06F
00050713
00700513
E0DFF06F
00038713
00300513
E01FF06F
00600513
DF9FF06F
00200513
DF1FF06F
00030713
00700513
DE5FF06F
00050713
00400513
DD9FF06F
00000013
00000013
F8010113
06812C23
06912A23
07412423
07512223
07612023
05712E23
06112E23
07212823
07312623
00058413
0005C583
00812623
02012823
00012823
02012A23
00012A23
02012C23
00012C23
02012E23
00012E23
04012023
02012023
04012223
02012223
04012423
02012423
04012623
02012623
00050A13
00060B93
00068B13
00070A93
00078493
28058C63
03010913
00C10993
00090593
00098513
C45FF0EF
00050793
00279293
05010713
00570333
00C12683
FC032383
00090593
0006C603
00138813
FD032023
00098513
08060A63
C11FF0EF
00050893
00289E13
05010E93
01CE8F33
00C12783
FC0F2F83
00090593
0007C283
001F8713
FCEF2023
00098513
06028063
BDDFF0EF
00050313
00231393
05010693
00768633
00C12883
FC062803
00090593
0008CE03
00180E93
FDD62023
00098513
020E0663
BA9FF0EF
00251513
05010593
00A58F33
00C12783
FC0F2F83
0007C283
001F8713
FCEF2023
F2029CE3
00812623
01440A33
00044583
1D447263
02C00093
00040313
0175C9B3
02158263
01330023
00C12383
01538333
00612623
01437E63
00034583
0175C9B3
FE1592E3
01530333
00612623
FF4366E3
00044B83
00812623
00C10993
0C0B8C63
00090593
00098513
B1DFF0EF
00050693
00269613
05010813
00C808B3
00C12E83
FC08AE03
00090593
000ECF03
001E0F93
FDF8A023
00098513
080F0A63
AE9FF0EF
00050793
00279293
05010713
00570333
00C12B83
FC032383
00090593
000BC683
00138613
FCC32023
00098513
06068063
AB5FF0EF
00050813
00281893
05010E13
011E0EB3
00C12F83
FC0EAF03
00090593
000FC783
001F0293
FC5EA023
00098513
02078663
A81FF0EF
00251513
05010593
00A58333
00C12703
FC032383
00074B83
00138693
FCD32023
F20B9CE3
00812623
03447463
02C00093
00044983
0169C633
06198A63
00C40023
00C12803
01580433
00812623
FF4462E3
01010A13
00090B93
000A2503
00048593
004A0A13
4B8000EF
00050593
000BA503
004B8B93
4A8000EF
00050493
FD2A1EE3
07C12083
07812403
07412483
07012903
06C12983
06812A03
06412A83
06012B03
05C12B83
08010113
00008067
01540433
00812623
F7446EE3
F99FF06F
00A40A33
03010913
E54464E3
F89FF06F
E80596E3
F81FF06F
00000000
00000000
00500793
04A7EC63
0010E2B7
00251513
96028313
006503B3
0003A583
00058067
0010E637
3A062503
00008067
0010E8B7
3A88A503
00008067
0010E837
3A482503
00008067
0010E737
35C72503
00008067
0010E6B7
3586A503
00008067
00000513
00008067
00000013
00000013
00000013
00B546B3
0016F293
00155713
0015D613
00028C63
FFFFA337
00130393
007647B3
01079593
0105D613
00E64833
00187893
00255E13
00165293
00088C63
FFFFAEB7
001E8F13
01E2CFB3
010F9693
0106D293
01C2C733
00177313
00355393
0012D893
00030C63
FFFFA5B7
00158613
00C8C7B3
01079813
01085893
0078CE33
001E7E93
00455F13
0018D313
000E8C63
FFFFAFB7
001F8693
00D342B3
01029713
01075313
01E343B3
0013F593
00555613
00135E93
00058C63
FFFFA837
00180893
011EC7B3
01079E13
010E5E93
00CECF33
001F7F93
00655693
001ED593
000F8C63
FFFFA2B7
00128713
00E5C333
01031393
0103D593
00D5C633
00167813
00755893
0015DF13
00080C63
FFFFA7B7
00178E13
01CF4533
01051E93
010EDF13
001F7F93
001F5513
011F8C63
FFFFA6B7
00168293
00554733
01071313
01035513
00008067
00000013
00A5C6B3
0FF57713
0016F293
00050793
00175613
0015D813
00028C63
FFFFA337
00130393
00784533
01051593
0105D813
00C848B3
0018FE13
00275E93
00185313
000E0C63
FFFFAF37
001F0F93
01F346B3
01069293
0102D313
01D34633
00167393
00375593
00135E93
00038C63
FFFFA837
00180893
011EC533
01051E13
010E5E93
00BECF33
001F7F93
00475693
001ED593
000F8C63
FFFFA2B7
00128313
0065C633
01061393
0103D593
00D5C833
00187893
00575E13
0015D293
00088C63
FFFFAEB7
001E8F13
01E2C533
01051F93
010FD293
01C2C6B3
0016F313
00675393
0012DE13
00030C63
FFFFA637
00160593
00BE4833
01081893
0108DE13
007E4EB3
001EFF13
00775713
001E5313
000F0C63
FFFFAFB7
001F8293
00534533
01051693
0106D313
00137393
00135E13
00E38C63
FFFFA637
00160593
00BE4833
01081893
0108DE13
0087DE93
01CECF33
001F7F93
0087D713
001E5393
0097D793
000F8C63
FFFFA2B7
00128693
00D3C533
01051313
01035393
0077C633
00167593
00275813
0013DF93
00058C63
FFFFA8B7
00188E13
01CFCEB3
010E9F13
010F5F93
010FC7B3
0017F293
00375693
001FD593
00028C63
FFFFA337
00130393
0075C533
01051613
01065593
00D5C833
00187893
00475E13
0015D293
00088C63
FFFFAEB7
001E8F13
01E2CFB3
010F9793
0107D293
01C2C6B3
0016F313
00575393
0012D893
00030C63
FFFFA637
00160593
00B8C533
01051813
01085893
0078CE33
001E7E93
00675F13
0018D313
000E8C63
FFFFAFB7
001F8793
00F342B3
01029693
0106D313
01E343B3
0013F613
00775713
00135E13
00060C63
FFFFA5B7
00158813
010E4533
01051893
0108DE13
001E7E93
001E5513
00EE8C63
FFFFAF37
001F0F93
01F547B3
01079293
0102D513
00008067
00000013
00000013
00000013
00A5C833
0FF57693
01051713
00187293
00050793
01075313
0016D613
0015DE13
00028C63
FFFFA5B7
00158393
007E4533
01051893
0108DE13
00CE4EB3
001EFF13
0026DF93
001E5393
000F0C63
FFFFA837
00180293
0053C733
01071613
01065393
01F3C5B3
0015F893
0036DE13
0013D813
00088C63
FFFFAEB7
001E8F13
01E84533
01051F93
010FD813
01C842B3
0012F713
0046D613
00185E93
00070C63
FFFFA3B7
00138593
00BEC8B3
01089E13
010E5E93
00CECF33
001F7F93
0056D813
001ED393
000F8C63
FFFFA2B7
00128713
00E3C533
01051613
01065393
0103C5B3
0015F893
0066DE13
0013D293
00088C63
FFFFAEB7
001E8F13
01E2CFB3
010F9813
01085293
01C2C733
00177613
0076D693
0012DE13
00060C63
FFFFA3B7
00138593
00BE4533
01051893
0108DE13
001E7E93
001E5393
3CDE9A63
00835713
00E3C633
00167593
00835693
0013DF13
00935313
00058C63
FFFFA8B7
00188E13
01CF4533
01051E93
010EDF13
006F4FB3
001FF813
0026D293
001F5313
00080C63
FFFFA3B7
00138713
00E34633
01061593
0105D313
005348B3
0018FE13
0036DE93
00135293
000E0C63
FFFFAF37
001F0F93
01F2C533
01051813
01085293
01D2C3B3
0013F613
0046D713
0012DE93
00060C63
FFFFA5B7
00158313
006EC8B3
01089E13
010E5E93
00EECF33
001F7F93
0056D813
001ED593
000F8C63
FFFFA2B7
00128393
0075C533
01051613
01065593
0105C733
00177313
0066D893
0015D813
00030C63
FFFFAE37
001E0E93
01D84F33
010F1F93
010FD813
011842B3
0012F393
0076D693
00185313
00038C63
FFFFA637
00160593
00B34533
01051713
01075313
00137893
00135813
28D89863
0107D293
005843B3
0FF2F593
0013F693
0107D793
0015D613
00185E13
00068C63
FFFFA737
00170313
006E4533
01051893
0108DE13
00CE4EB3
001EFF13
0025DF93
001E5713
000F0C63
FFFFA837
00180293
005743B3
01039693
0106D713
01F74633
00167313
0035D893
00175F93
00030C63
FFFFAE37
001E0E93
01DFC533
01051F13
010F5F93
011FC833
00187293
0045D393
001FD893
00028C63
FFFFA6B7
00168713
00E8C633
01061313
01035893
0078CE33
001E7E93
0055DF13
0018D393
000E8C63
FFFFAFB7
001F8813
0103C533
01051293
0102D393
01E3C6B3
0016F713
0065D313
0013DF13
00070C63
FFFFA637
00160893
011F4E33
010E1E93
010EDF13
006F4FB3
001FF813
0075D593
001F5713
00080C63
FFFFA2B7
00128393
00774533
01051693
0106D713
00177313
00175F13
14B31463
0087DF93
01EFC833
00187593
0087D293
001F5313
0097D793
00058C63
FFFFA3B7
00138693
00D34533
01051713
01075313
00F34633
00167893
0022DE13
00135593
00088C63
FFFFAEB7
001E8F13
01E5CFB3
010F9813
01085593
00BE47B3
0017F393
0032D693
0015D893
00038C63
FFFFA737
00170313
0068C533
01051613
01065893
0116CE33
001E7E93
0042DF13
0018D393
000E8C63
FFFFAFB7
001F8813
0103C5B3
01059793
0107D393
01E3C6B3
0016F713
0052D313
0013DE93
00070C63
FFFFA637
00160893
011EC533
01051E13
010E5E93
006ECF33
001F7F93
0062D813
001ED313
000F8C63
FFFFA5B7
00158793
00F343B3
01039693
0106D313
01034733
00177613
0072D293
00135F13
00060C63
FFFFA8B7
00188E13
01CF4533
01051E93
010EDF13
001F7F93
001F5513
005F8C63
FFFFA837
00180593
00B547B3
01079393
0103D513
00008067
FFFFA637
00160893
011F4E33
010E1E93
010EDF13
EA9FF06F
FFFFAE37
001E0E93
01D84F33
010F1F93
010FD813
D61FF06F
FFFFAF37
001F0F93
01F3C833
01081293
0102D393
C1DFF06F
00000013
00A5C6B3
0FF57713
01051793
0016F293
0107D313
00175613
0015D893
00028C63
FFFFA3B7
00138593
00B8C533
01051813
01085893
00C8CE33
001E7E93
00275F13
0018D393
000E8C63
FFFFAFB7
001F8693
00D3C2B3
01029793
0107D393
01E3C633
00167593
00375813
0013DF13
00058C63
FFFFA8B7
00188E13
01CF4533
01051E93
010EDF13
010F4FB3
001FF293
00475693
001F5813
00028C63
FFFFA7B7
00178393
00784633
01061593
0105D813
00D848B3
0018FE13
00575E93
00185793
000E0C63
FFFFAF37
001F0F93
01F7C533
01051293
0102D793
01D7C6B3
0016F393
00675593
0017DE93
00038C63
FFFFA637
00160813
010EC8B3
01089E13
010E5E93
00BECF33
001F7F93
00775713
001ED393
000F8C63
FFFFA2B7
00128793
00F3C533
01051693
0106D393
0013F593
0013DE93
14E59463
00835F13
01DF4FB3
001FF293
00835713
001ED593
00935313
00028C63
FFFFA7B7
00178693
00D5C533
01051393
0103D593
00B34633
00167813
00275893
0015D293
00080C63
FFFFAE37
001E0E93
01D2CF33
010F1F93
010FD293
0112C333
00137793
00375693
0012D813
00078C63
FFFFA3B7
00138593
00B84533
01051613
01065813
00D848B3
0018FE13
00475E93
00185393
000E0C63
FFFFAF37
001F0F93
01F3C2B3
01029313
01035393
01D3C7B3
0017F593
00575693
0013DE13
00058C63
FFFFA637
00160813
010E4533
01051893
0108DE13
00DE4EB3
001EFF13
00675F93
001E5593
000F0C63
FFFFA2B7
00128313
0065C3B3
01039793
0107D593
01F5C6B3
0016F613
00775713
0015DE93
00060C63
FFFFA837
00180893
011EC533
01051E13
010E5E93
001EFF13
001ED513
00EF0C63
FFFFAFB7
001F8293
00554333
01031393
0103D513
00008067
FFFFA637
00160813
010EC8B3
01089E13
010E5E93
EA9FF06F
00000013
00000513
00008067
00000000
00000000
B0002573
00008067
00000013
00000013
B02027F3
00F52023
B03022F3
00552223
B0402373
00652423
B05023F3
00752623
B06025F3
00B52823
B0702673
00C52A23
B08026F3
00D52C23
B0902773
00E52E23
B0A02873
03052023
B0B028F3
03152223
B0C02E73
03C52423
00008067
00000013
FB010113
00410513
04112623
04812423
04912223
05212023
03312E23
F85FF0EF
0010E537
0010E437
1B850513
36C40413
471000EF
00410493
02C40993
0010E937
0004A603
00042583
1E490513
00440413
451000EF
00448493
FF3414E3
0010E0B7
31C08513
43D000EF
04C12083
04812403
04412483
04012903
03C12983
05010113
00008067
00000013
00000013
00000013
FF010113
00112623
FFF00793
32079073
321040EF
00000293
32029073
B0002773
00C12083
0010E337
38E32E23
01010113
00008067
00000013
00000013
00000013
B0002773
0010E7B7
38E7AC23
FFF00293
32029073
00008067
00000013
00000013
0010E7B7
0010E2B7
3987A503
39C2A303
40650533
00008067
00000013
00000013
FF010113
00112623
643060EF
0010E7B7
9007A603
9047A683
423050EF
00C12083
01010113
00008067
00000013
00000013
FF010113
00812423
00050413
0010E537
1EC50513
00112623
349000EF
00100793
00F40023
7C00E073
00C12083
00812403
01010113
00008067
00000013
00000013
FE010113
00112E23
00812C23
00912A23
01212823
01312623
01412423
01512223
01612023
02010413
00010B13
FD010113
00010913
00050A93
00090513
DE5FF0EF
0010E537
0010E4B7
1B850513
36C48493
2D1000EF
02C48A13
0010E9B7
00092603
0004A583
1E498513
00448493
2B5000EF
00490913
FF4494E3
0010E0B7
31C08513
2A1000EF
0010E7B7
0010E337
3987A283
39C32383
000B0113
40728533
7DB060EF
0010E637
00050593
90862503
57D060EF
060070EF
00058693
0010E5B7
00050613
20C58513
25D000EF
000A8023
FE040113
01C12083
01812403
01412483
01012903
00C12983
00812A03
00412A83
00012B03
02010113
00008067
00000000
00000000
FA010113
04812E23
04912C23
05212A23
05312823
0407F313
00050813
000300E3
0010E2B7
2E028993
0107FF93
7C0F8863
FFE7F793
000F8413
0027F393
02000E93
0207F293
7E038263
7E05C463
0047F493
120490E3
0087F793
00000393
00078663
FFF68693
02000393
00028C63
01000893
151600E3
FF860913
00193E13
41C686B3
7C059063
03000993
01310623
00000793
00100513
00C10313
00050E13
00E55463
00070E13
41C688B3
FFF88593
16041663
151056E3
41000433
00500693
00347993
14B6FCE3
00080493
02098E63
02000913
01280023
00100F13
00180493
FFE88593
03E98263
012800A3
00300713
00280493
FFD88593
00E99863
00380493
01280123
FFC88593
41388933
FFC97413
FFC40693
0026DF13
001F0693
01380733
0076FF13
202029B7
00E40433
02098693
060F0463
00100993
053F0A63
00200993
053F0263
00300993
033F0A63
00400993
033F0263
00500993
013F0A63
00600993
073F1EE3
00D72023
00470713
00D72023
00470713
00D72023
00470713
00D72023
00470713
00D72023
00470713
00D72023
00470713
02870663
00D72023
00D72223
00D72423
00D72623
00D72823
00D72A23
00D72C23
00D72E23
02070713
FC871EE3
FFC97F13
01E484B3
41E585B3
05E90263
02000913
01248023
02B05C63
012480A3
00100413
02B45663
01248123
00200693
02B6D063
012481A3
00300993
00B9DA63
01248223
00400713
00B75463
012482A3
01180833
FFE00593
FFF00893
00038663
00780023
00180813
00028A63
00800293
76560A63
01000393
74760463
180F9263
7B105A63
FFF5CF93
41FFD893
0115F9B3
41000933
00500413
00198293
00397713
7AB45863
74070C63
FFF58493
01D80023
00100693
00180F93
00048393
02D70263
01D800A3
00300F13
00280F93
FFE58393
01E71863
00380F93
01D80123
FFD58393
40E288B3
FFC8F913
FFC90413
00245693
008E9593
00BEE433
00168F13
010E9613
018E9693
00C46633
00E80733
007F7593
00D66433
00E90933
06058463
00100F13
05E58A63
00200693
04D58263
00300613
02C58A63
00400F13
03E58263
00500693
00D58A63
00600613
6EC59063
00872023
00470713
00872023
00470713
00872023
00470713
00872023
00470713
00872023
00470713
00872023
00470713
03270663
00872023
00872223
00872423
00872623
00872823
00872A23
00872C23
00872E23
02070713
FD271EE3
FFC8F413
008F8633
408385B3
04888063
01D60023
02B05C63
01D600A3
00100393
02B3D663
01D60123
00200F93
02BFD063
01D601A3
00300893
00B8DA63
01D60223
00400913
00B95463
01D602A3
413488B3
00580833
FFF88593
FFFE0E93
17C55863
40AE09B3
410002B3
FFF98493
00500F13
0032F693
5E9F7863
00080F93
02068E63
03000613
00C80023
00100413
00180F93
FFEE0E93
02868263
00C800A3
00300393
00280F93
FFDE0E93
00769863
00380F93
00C80123
FFCE0E93
40D98933
FFC97E13
FFCE0293
0022D493
00148F13
00D806B3
30303737
007F7613
00DE0433
03070E13
06060863
00100393
04760E63
00200293
04560663
00300493
02960E63
00400F13
03E60663
00500713
00E60E63
00600393
00760663
01C6A023
00468693
01C6A023
00468693
01C6A023
00468693
01C6A023
00468693
01C6A023
00468693
01C6A023
00468693
01C6A023
00468693
02868663
01C6A023
01C6A223
01C6A423
01C6A623
01C6A823
01C6AA23
01C6AC23
01C6AE23
02068693
FC869EE3
FFC97613
00CF8733
40CE8EB3
04C90263
03000F93
01F70023
FFFE8913
03D55A63
01F700A3
FFEE8413
03255463
01F70123
FFDE8E13
00855E63
01F701A3
FFCE8E93
01C55863
01F70223
01D55463
01F702A3
01380833
00F30333
00180693
00034503
00100993
40D982B3
00F284B3
FEA68FA3
00980F33
0077F393
FFF30613
11E05663
0A038863
09338663
00200713
06E38A63
00300F93
05F38E63
00400913
05238263
00500413
02838663
00600E13
01C38A63
00064E83
00280693
FFE30613
01D800A3
00064303
00168693
FFF60613
FE668FA3
00064503
00168693
FFF60613
FEA68FA3
00064283
00168693
FFF60613
FE568FA3
00064483
00168693
FFF60613
FE968FA3
00064F03
00168693
FFF60613
FFE68FA3
00064383
00168693
40D98733
00F70FB3
01F80933
FE768FA3
FFF60613
05205E63
00064403
FFF64E03
FFE64283
FFD64E83
FFC64303
FFB64503
FFA64483
00868023
01C680A3
00568123
01D681A3
00668223
00A682A3
00968323
FF964F03
00868693
40D983B3
00F38733
00E80FB3
FFE68FA3
FF860613
FBF046E3
00178793
00F80533
17105C63
FFF5C993
41F9D693
00D5F933
40A008B3
00500613
00190413
0038F293
34B65263
30028263
02000313
00650023
00100493
00150E13
FFF58E93
02928263
006500A3
00300F13
00250E13
FFE58E93
01E29863
00350E13
00650123
FFD58E93
405403B3
FFC3F593
FFC58713
00275F93
00F287B3
001F8993
00F80733
202028B7
0079F693
00E58933
02088613
06068863
00100293
04568E63
00200813
05068663
00300313
02668E63
00400493
02968663
00500F13
01E68E63
00600593
00B68663
00C72023
00470713
00C72023
00470713
00C72023
00470713
00C72023
00470713
00C72023
00470713
00C72023
00470713
00C72023
00470713
02E90663
00C72023
00C72223
00C72423
00C72623
00C72823
00C72A23
00C72C23
00C72E23
02070713
FCE91EE3
FFC3FF93
01FE0833
41FE85B3
047F8263
02000E93
01D80023
02B05C63
01D800A3
00100E13
02BE5663
01D80123
00200393
02B3D063
01D801A3
00300793
00B7DA63
01D80223
00400993
00B9D463
01D802A3
00850533
05C12403
05812483
05412903
05012983
06010113
00008067
0017F513
0117F413
03000E93
820508E3
0027F393
0207F293
00038A63
831FF06F
0010EF37
2B8F0993
805FF06F
00000393
83DFF06F
40B005B3
FFF68693
02D00393
820298E3
00000513
00C10313
02C5FF33
00050793
00150513
00A308B3
00050493
01E98933
00094F03
02C5DE33
FFE88FA3
82C5E6E3
00050793
00150513
00A308B3
02CE75B3
00B98933
00094F03
02CE55B3
FFE88FA3
80CE64E3
00050793
00248513
00A30E33
02C5F8B3
01198933
00094F03
02C5D8B3
FFEE0FA3
FEC5E263
00050793
00348513
00A30E33
02C8F5B3
00B98933
00094F03
02C8D5B3
FFEE0FA3
FCC8E063
00050793
00448513
00A30E33
02C5F8B3
01198933
00094F03
02C5D8B3
FFEE0FA3
F8C5EE63
00050793
00548513
00A30E33
02C8F5B3
00B98933
00094F03
02C8D5B3
FFEE0FA3
F6C8EC63
00050793
00648513
00A30E33
02C5F8B3
01198933
00094F03
02C5D8B3
FFEE0FA3
F4C5EA63
00050793
00748513
00A30E33
02C8F4B3
009985B3
0005C903
02C8D5B3
FF2E0FA3
EEC8F0E3
F2CFF06F
FFF68693
02B00393
EF0FF06F
03000613
07800493
00C80023
009800A3
00280813
8A9FF06F
00058E93
00050E13
D31FF06F
03000F13
01E80023
00180813
88DFF06F
FFE68693
ECCFF06F
00058393
00080F93
FFF58493
8D9FF06F
00080713
B21FF06F
00050813
DCDFF06F
00D72023
00470713
F80FF06F
00872023
00470713
91DFF06F
00058893
FFF58593
9C5FF06F
FFE88713
00058893
00070593
811FF06F
00080613
FFF58493
961FF06F
00080493
FB0FF06F
DE010113
1E912A23
1F212823
1F312623
1E112E23
1E812C23
1F412423
1F512223
1F612023
1D712E23
1D812C23
1D912A23
1DA12823
1DB12623
20B12223
20C12423
20D12623
20E12823
20F12A23
21012C23
21112E23
00054403
20410993
0C010913
01312A23
00090493
02040E63
0010EA37
0010E737
0010EAB7
978A0A13
9BC70D13
2B8A8A93
0010EB37
02500093
10140863
00848023
00154403
00148493
00150513
FE0414E3
00048023
0C014503
00051463
0240206F
00100A13
412A0AB3
415030EF
00194503
015907B3
00190B13
08050863
401030EF
00294503
015B07B3
00290D13
06050E63
3ED030EF
00394503
015D07B3
00390993
06050463
3D9030EF
00494503
015987B3
00490D93
04050A63
3C5030EF
00594503
015D87B3
00590B93
04050063
3B1030EF
00694503
015B87B3
00690C13
02050663
39D030EF
00794503
015C07B3
00790493
00050C63
389030EF
00894503
00890913
015487B3
F60512E3
1FC12083
1F812403
1F412483
1F012903
1EC12983
1E812A03
1E412A83
1E012B03
1DC12B83
1D812C03
1D412C83
1D012D03
1CC12D83
00078513
22010113
00008067
00000793
01000613
00154583
00150713
FE058693
0FF6F293
00566A63
00229313
014303B3
0003A403
00040067
FD058813
0FF87893
00900B93
111BF463
02A00C13
FFF00413
25858663
02E00513
FFF00C13
0CA58263
0DF5FB93
04C00093
081B8463
FBF58613
0FF67293
03700313
04536863
00229813
01A80F33
000F2883
00088067
0017E793
00070513
F81FF06F
0107E793
00070513
F75FF06F
0047E793
00070513
F69FF06F
0207E793
00070513
F5DFF06F
0087E793
00070513
F51FF06F
00058813
00070B93
02500F13
00148713
63E802E3
01E48023
000BC803
600816E3
00070493
E29FF06F
00174803
03700C93
00170B93
FBF80E13
0FFE7E93
FDDCE6E3
0010E3B7
002E9693
A9C38F93
01F680B3
0000A303
00030067
00174583
00900B93
00170693
FD058C13
0FFC7C93
6D9BFE63
02A00D93
03B582E3
00068713
00000C13
F19FF06F
00000413
00900513
00241C93
008C8DB3
00170713
001D9E13
00BE0EB3
00074583
00070F13
FD0E8413
FD058F93
0FFFF093
EC156CE3
00241613
008606B3
00170713
00169293
00B28333
00074583
FD030413
FD058393
0FF3F813
EB0568E3
00241713
00870433
00141893
00B88BB3
002F4583
002F0713
FD0B8413
FD058C13
0FFC7C93
E99564E3
00241D93
008D8E33
001E1E93
00BE8FB3
003F4583
003F0713
FD0F8413
FD058093
0FF0F613
E6C560E3
00241693
008682B3
00129313
00B303B3
004F4583
004F0713
FD038413
FD058813
0FF87893
E3156CE3
00241713
00870433
00141B93
00BB8C33
005F4583
005F0713
FD0C0413
FD058C93
0FFCFD93
E1B568E3
00241E13
008E0EB3
001E9F93
00BF80B3
006F4583
006F0713
FD008413
FD058613
0FF67693
DED564E3
00241293
00828333
00131393
00B38833
007F4583
007F0713
FD080413
FD058F13
0FFF7893
ED1570E3
DBDFF06F
0009A403
00254583
00250713
00498993
DA0454E3
40800433
0107E793
D9DFF06F
0407E793
06C00893
0009AD83
00498993
6B158A63
000DCF03
320F16E3
03000593
00100893
1C010E93
06B10823
011E8633
02E00E13
EBC60823
001DC703
00200593
36070EE3
06300813
00E84463
4C10106F
06400C93
039766B3
00A00393
1C010E93
00BE8E33
00388593
03974733
0276C8B3
00EA8833
00084303
EA6E0823
0276E733
011A80B3
0000C503
EAA60923
00EA8633
00064C03
1C010293
00B28F33
00158693
1C010E93
EB8F0823
00DE85B3
02E00E13
EBC58823
002DC703
00168613
320708E3
06300893
00E8C463
4110106F
06400F93
00A00393
1C010E93
00CE8E33
00368613
03F76CB3
03F74733
027CC6B3
00EA88B3
0008C803
EB0E0823
027CE733
00DA80B3
0000C503
EAA58923
00EA85B3
0005C303
1C010C13
00CC02B3
00160C93
1C010E93
EA628823
019E8633
02E00E13
EBC60823
003DC683
001C8513
2E0682E3
06300D93
00DDC463
3FD0106F
06400293
00A00F93
1C010393
00A38EB3
003C8513
0256EF33
0256CCB3
03FF46B3
019A8E33
000E4D83
EBBE8823
00DA88B3
03FF66B3
0008C083
EA160923
00DA8633
00064803
1C010713
00A705B3
00150293
EB058823
0107F793
FFF40693
18079463
0082C463
5540206F
405403B3
40900EB3
FFF38513
00500C93
003EFD93
00ACE463
5540206F
000D9463
3840206F
02000E13
01C48023
00100613
00148713
FFE40813
02CD8263
01C480A3
00300593
00248713
FFD40813
00BD9863
00348713
01C48123
FFC40813
41B38333
FFC37C13
FFCC0F13
002F5793
00178F93
01B48F33
20202CB7
007FFE93
01EC0533
020C8D93
060E8863
00100893
051E8E63
00200093
041E8663
00300E13
03CE8E63
00400613
02CE8663
00500593
00BE8E63
00600C13
018E8663
01BF2023
004F0F13
01BF2023
004F0F13
01BF2023
004F0F13
01BF2023
004F0F13
01BF2023
004F0F13
01BF2023
004F0F13
01BF2023
004F0F13
02AF0663
01BF2023
01BF2223
01BF2423
01BF2623
01BF2823
01BF2A23
01BF2C23
01BF2E23
020F0F13
FCAF1EE3
FFC37793
00F700B3
40F808B3
04F30263
02000813
01008023
FFF88713
0312DA63
010080A3
FFE88313
02E2D463
01008123
FFD88F93
0062DE63
010081A3
FFC88E93
01F2D863
01008223
01D2D463
010082A3
40828433
00D40433
007484B3
FFF40693
0034F393
00038463
6450106F
FFF28513
00853C93
000C8463
6350106F
07012083
0022DD93
00300893
0014A023
07412E03
01C4A223
011D9663
07812603
00C4A423
FFC2FC13
018485B3
045C0063
1C010F13
018F07B3
EB07C803
001C0713
01058023
02575463
1C010313
00E30FB3
EB0FCE83
002C0393
01D580A3
0053D863
00730CB3
EB0CCD83
01B58123
00548F33
0082C463
1380206F
40568433
00100813
0056C463
00140813
41E007B3
00643713
0037FF93
00070463
1800206F
0056D463
1780206F
000F9463
6650106F
02000E93
01DF0023
00100513
001F0393
FFF68313
02AF8263
01DF00A3
00300C93
002F0393
FFE68313
019F9863
003F0393
01DF0123
FFD68313
41F80DB3
FFCDF893
FFC88693
0026D093
01F28E33
00108C13
01C484B3
20202437
007C7593
00988633
02040793
06058863
00100713
04E58E63
00200F93
05F58663
00300E93
03D58E63
00400513
02A58663
00500C93
01958E63
00600893
01158663
00F4A023
00448493
00F4A023
00448493
00F4A023
00448493
00F4A023
00448493
00F4A023
00448493
00F4A023
00448493
00F4A023
00448493
02C48663
00F4A023
00F4A223
00F4A423
00F4A623
00F4A823
00F4AA23
00F4AC23
00F4AE23
02048493
FCC49EE3
FFCDF093
001383B3
401306B3
041D8263
02000D93
01B38023
FFF68E13
02D2DA63
01B380A3
FFE68313
03C2D463
01B38123
FFD68C13
0062DE63
01B381A3
FFC68693
0182D863
01B38223
00D2D463
01B382A3
010F04B3
001BC403
001B8513
EE041863
F08FF06F
00000C13
002C1093
01808633
00168693
00161293
00B28333
0006C583
00068393
FD030C13
FD058813
0FF87713
10EBEE63
002C1F13
018F08B3
00168693
00189513
00B50C33
0006C583
FD0C0C13
FD058C93
0FFCFD93
0FBBEA63
002C1693
01868E33
001E1E93
00BE8FB3
0023C583
00238693
FD0F8C13
FD058093
0FF0F613
0CCBE663
002C1293
01828333
00131813
00B80733
0033C583
00338693
FD070C13
FD058F13
0FFF7893
0B1BE263
002C1513
01850C33
001C1C93
00BC8DB3
0043C583
00438693
FD0D8C13
FD058E13
0FFE7E93
07DBEE63
002C1693
01868FB3
001F9093
00B08633
0053C583
00538693
FD060C13
FD058293
0FF2F313
046BEA63
002C1813
01880733
00171F13
00BF08B3
0063C583
00638693
FD088C13
FD058513
0FF57C93
039BE663
002C1D93
018D8C33
001C1E13
00BE0EB3
0073C583
00738693
FD0E8C13
FD058393
0FF3FF93
EDFBF0E3
00068713
F04FF06F
0009AE03
00274583
00498993
FFFE4E93
41FEDF93
01FE7C33
00270713
EE4FF06F
0407FB93
000A8613
000B8663
0010E2B7
2E028613
000DCF03
03A00513
06A10923
004F5813
00FF7593
01060FB3
00B60EB3
000FC083
000EC883
0107FC93
06110823
071108A3
001DC383
06A10AA3
FFF40793
0043DE13
00F3FC13
01C60333
018606B3
00034803
0006CE03
070109A3
07C10A23
002DCB83
06A10C23
004BD293
00FBFF13
00560FB3
01E605B3
000FCE83
0005C303
07D10B23
06610BA3
003DC383
06A10DA3
0043DC13
00F3F693
01860BB3
00D602B3
000BCF03
0002CF83
07E10CA3
07F10D23
004DC583
06A10F23
00F5F393
0045D513
00A60C33
007606B3
000C4283
0006CB83
06510E23
07710EA3
005DCD83
004DD593
00B60533
00054383
00FDFC13
01860633
06710FA3
00064503
1A0C9463
01100C93
008CC463
7950106F
40900DB3
FEE40C13
00500593
FEF40C93
003DF693
0185E463
7890106F
00912023
04068463
00148793
02000613
00F12023
00C48023
00100C13
FFE40793
03868663
00248D93
00C480A3
00300593
01B12023
FFD40793
00B69A63
00348C13
01812023
00C48123
FFC40793
40DC8433
FFC47613
FFC60593
0025DD93
00D486B3
001D8C13
00D60633
007C7593
20202DB7
00C12223
020D8C13
06058A63
00100613
04C58E63
00200D93
05B58663
00300613
02C58E63
00400D93
03B58663
00500613
00C58E63
00600D93
01B58663
0186A023
00468693
0186A023
00468693
0186A023
00468693
0186A023
00468693
0186A023
00468693
0186A023
00468693
00412583
0186A023
00468693
02D58863
00412603
0186A023
0186A223
0186A423
0186A623
0186A823
0186AA23
0186AC23
0186AE23
02068693
FCD61CE3
00012D83
FFC47C13
418787B3
018D8DB3
048C0463
02000413
008D8023
01100693
02F6DC63
008D80A3
01200593
02F5D663
008D8123
01300613
02F65063
008D81A3
01400C13
00FC5A63
008D8223
01500693
00F6D463
008D82A3
019484B3
00F00793
01000413
0034FC93
000C8463
38D0106F
07812083
07C12883
07012E03
07412803
0014A423
01C4A023
0104A223
0114A623
00A48823
01100E93
01148F13
008EC463
5490106F
01000313
00100F93
00F35463
FF078F93
41E002B3
01600B93
0032F393
00FBC463
5550106F
00039463
3210106F
02000593
00B488A3
00100613
01248413
FFF78513
02C38263
00B48923
00300C13
01348413
FFE78513
01839863
01448413
00B489A3
FFD78513
407F8CB3
FFCCF093
FFC08693
0026D793
01138893
00178E13
011484B3
20202EB7
007E7813
00908DB3
020E8313
06080863
00100293
04580E63
00200B93
05780663
00300393
02780E63
00400593
02B80663
00500613
00C80E63
00600C13
01880663
0064A023
00448493
0064A023
00448493
0064A023
00448493
0064A023
00448493
0064A023
00448493
0064A023
00448493
0064A023
00448493
03B48663
0064A023
0064A223
0064A423
0064A623
0064A823
0064AA23
0064AC23
0064AE23
02048493
FDB49EE3
FFCCF093
001404B3
401507B3
05908463
02000513
00A48023
01100413
02F45C63
00A480A3
01200C93
02FCD663
00A48123
01300693
02F6D063
00A481A3
01400893
00F8DA63
00A48223
01500E13
00FE5463
00A482A3
01FF04B3
00274403
00270513
90041063
918FF06F
06300C13
01EC4463
15C0106F
06400393
027F6EB3
00A00E13
00400593
00300893
00200813
027F4F33
03CEC333
01EA8C33
000C4283
03CEEF33
006A8633
00064083
00809513
00A2EFB3
07F11823
01EA8CB3
000CC683
1C010713
010703B3
1C010E93
EAD38823
011E8633
02E00E13
EBC60823
001DC703
C8071663
1C010F93
00BF8CB3
00288693
03000393
1C010E93
EA7C8823
00DE85B3
02E00E13
EBC58823
002DC703
00168613
CC071C63
1C010F13
00268C93
00CF0FB3
03000393
1C010E93
EA7F8823
019E8633
02E00E13
EBC60823
003DC683
001C8513
D2069263
1C010313
00A30C33
03000F13
002C8293
EBEC0823
D6CFF06F
00248F93
00070493
000F8713
01048023
001BC403
001B8513
00070493
00040463
FE9FE06F
800FF06F
0027E793
00A00613
00498513
0009A583
00040693
00050993
000C0713
00048513
D18FE0EF
001BC403
00050493
001B8513
00040463
FADFE06F
FC5FE06F
00070B93
0107FF93
FFF40093
000F9463
0D40106F
0009A703
00148C13
00498993
00E48023
001B8513
00104463
53D0106F
418006B3
FFE40813
00500C93
00008293
0036F593
010CC463
0990106F
00059463
5780106F
02000613
00C480A3
00100793
00248313
02F58263
00C48123
00300E13
00348313
FFD40813
01C59863
00448313
00C481A3
FFC40813
40B08433
FFC47393
FFC38E93
002EDF13
00158893
001F0D93
011484B3
20202737
007DFF93
009380B3
02070693
060F8863
00100C93
059F8E63
00200593
04BF8663
00300613
02CF8E63
00400793
02FF8663
00500E13
01CF8E63
00600393
007F8663
00D4A023
00448493
00D4A023
00448493
00D4A023
00448493
00D4A023
00448493
00D4A023
00448493
00D4A023
00448493
00D4A023
00448493
02148663
00D4A023
00D4A223
00D4A423
00D4A623
00D4A823
00D4AA23
00D4AC23
00D4AE23
02048493
FC149EE3
FFC47E93
01D304B3
41D800B3
05D40463
02000813
01048023
FFF08313
02605C63
010480A3
FFE08413
02040663
01048123
FFD08F13
020F0063
010481A3
FFC08893
00088A63
01048223
00500D93
01B08463
010482A3
001BC403
005C04B3
00040463
DF9FE06F
E11FE06F
00070B93
00798993
0107F093
FF89FC93
00112023
000CA283
004CAE83
008C8993
620092E3
0017F393
0027EC93
0117F793
00F12623
03000D93
60038EE3
00028513
000E8593
00000613
00000693
00512423
01D12223
40C040EF
00412F03
00812883
00055463
3BC0106F
004CF613
00061463
0740106F
FFF40413
02B00313
FFF00813
010C1463
00600C13
01C10713
01810693
000F0593
00088513
07010793
000C0613
00612223
0B5020EF
01C12703
00412303
02010693
00070863
02D00093
02110023
02110693
00054F03
000F1463
0D00106F
01812883
01104463
0750106F
00154583
01E68023
00168793
00250293
FFF54F13
02E00F93
00078713
02059063
0400006F
00B78023
FFF2C583
00178713
02058863
00078693
00070793
005F0733
00128293
FEE890E3
00B68123
FFF2C583
01F680A3
00268793
00368713
FC059CE3
00070023
020CFC93
000C9463
1D00106F
02014383
000C1463
5100106F
02010893
08038E63
00088813
12010C13
00184683
00180813
00080293
00069463
1A80106F
00184E03
00180813
000E1463
1980106F
0022CF03
00228813
000F1463
1880106F
0032C703
00328813
00071463
1780106F
0042CC83
00428813
000C9463
1680106F
0052CF83
00528813
000F9463
1580106F
0062C383
00628813
00039463
1480106F
0072C083
00728813
00009463
1380106F
F7881EE3
F0040413
10000393
00C12503
FFF40713
16051E63
00804463
6F40106F
40900EB3
00500613
003EF793
00E66463
6F00106F
00048C93
02078E63
02000C13
01848023
00100693
00148C93
FFE40713
02D78263
018480A3
00300293
00248C93
FFD40713
00579863
00348C93
01848123
FFC40713
40F40E33
FFCE7F13
FFCF0F93
002FD093
00108813
00F486B3
20202EB7
00787513
00DF05B3
020E8613
06050863
00100793
04F50E63
00200893
05150663
00300C13
03850E63
00400293
02550663
00500F13
01E50E63
00600F93
01F50663
00C6A023
00468693
00C6A023
00468693
00C6A023
00468693
00C6A023
00468693
00C6A023
00468693
00C6A023
00468693
00C6A023
00468693
02B68663
00C6A023
00C6A223
00C6A423
00C6A623
00C6A823
00C6AA23
00C6AC23
00C6AE23
02068693
FCB69EE3
FFCE7093
001C88B3
40170733
041E0263
02000C93
01988023
02E05C63
019880A3
00100E13
02EE5663
01988123
00200813
02E85063
019881A3
00300513
00E55A63
01988223
00400593
00E5D463
019882A3
008484B3
FFE00713
FFF00413
00030663
00648023
00148493
00012303
18031C63
00804463
5500106F
FFF74413
41F45E93
01D777B3
40900633
00500893
00178C13
00367093
00E8C463
55C0106F
00009463
35C0106F
FFF70C93
01B48023
00100F13
00148813
000C8E13
03E08263
01B480A3
00300F93
00248813
FFE70E13
01F09863
00348813
01B48123
FFD70E13
401C0533
FFC57313
FFC30713
008D9693
00275593
00DDEEB3
010D9413
00158613
001486B3
018D9893
008EE2B3
00767093
0112E733
00D30333
06008863
00100F93
05F08E63
00200593
04B08663
00300413
02808E63
00400E93
03D08663
00500613
00C08E63
00600893
01108663
00E6A023
00468693
00E6A023
00468693
00E6A023
00468693
00E6A023
00468693
00E6A023
00468693
00E6A023
00468693
00E6A023
00468693
02668663
00E6A023
00E6A223
00E6A423
00E6A623
00E6A823
00E6AA23
00E6AC23
00E6AE23
02068693
FC669EE3
FFC57093
001802B3
401E0733
04150063
01B28023
02E05C63
01B280A3
00100E13
02EE5663
01B28123
00200813
02E85063
01B281A3
00300513
00E55A63
01B28223
00400F13
00EF5463
01B282A3
40FC8433
018484B3
FFF40713
18705263
FFF38D93
008DB793
00078463
0140106F
0034FC13
000C0463
0080106F
FFC3FC93
FFCC8293
0022D313
00130F93
007FFE93
02010593
00048613
009C80B3
0A0E8463
00100893
091E8663
00200693
06DE8A63
00300E13
05CE8E63
00400813
050E8263
00500513
02AE8663
00600F13
01EE8A63
0005AD83
00448613
00458593
01B4A023
0005A783
00460613
00458593
FEF62E23
0005AC03
00460613
00458593
FF862E23
0005AC83
00460613
00458593
FF962E23
0005A283
00460613
00458593
FE562E23
0005A303
00460613
00458593
FE662E23
0005AF83
00460613
00458593
FFF62E23
04160863
0005AE83
02058593
02060613
FFD62023
FE45A883
FF162223
FE85A683
FED62423
FEC5AE03
FFC62623
FF05A803
FF062823
FF45A503
FEA62A23
FF85AF03
FFE62C23
FFC5AD83
FFB62E23
FA161CE3
FFC3F093
00148C33
00748533
04138063
1C010493
001487B3
E607CC83
00108293
019C0023
0272D463
1C010313
00530FB3
E60FC603
00208593
00CC00A3
0075D863
00B303B3
E603CE83
01DC0123
00050493
84805863
FFF74413
41F45513
00A77CB3
409002B3
00500313
001C8F93
0032F593
00E34463
0700106F
560582E3
02000793
00F48023
00100613
00148E93
FFF70393
02C58263
00F480A3
00300E13
00248E93
FFE70393
01C59863
00348E93
00F48123
FFD70393
40BF8F33
FFCF7713
FFC70893
0028DD93
001D8093
00B487B3
20202437
0070FC13
00F706B3
02040C93
060C0863
00100513
04AC0E63
00200293
045C0663
00300313
026C0E63
00400593
02BC0663
00500813
010C0E63
00600613
00CC0663
0197A023
00478793
0197A023
00478793
0197A023
00478793
0197A023
00478793
0197A023
00478793
0197A023
00478793
0197A023
00478793
02F68663
0197A023
0197A223
0197A423
0197A623
0197A823
0197AA23
0197AC23
0197AE23
02078793
FCF69EE3
FFCF7E13
01CE8833
41C38733
05CF0263
02000393
00780023
02E05C63
007800A3
00100E93
02EED663
00780123
00200F13
02EF5063
007801A3
00300893
00E8DA63
00780223
00400D93
00EDD463
007802A3
01F484B3
ED9FE06F
00070B93
0009A283
00498993
6E028C63
0002C583
120588E3
120C06E3
007C7613
00028713
08060863
00100813
07060A63
00200F13
07E60063
00300893
05160663
00400513
02A60C63
00500D93
03B60263
00600C93
01960863
0012CE03
00128713
0A0E0C63
00174E83
00170713
0A0E8663
00174683
00170713
0A068063
00174383
00170713
08038A63
00174F83
00170713
080F8463
00174083
00170713
06008E63
00174303
00170713
06030863
418705B3
06558463
00174803
00170713
00070613
04080C63
00174F03
00170713
040F0663
00264883
00260713
04088063
00364503
00360713
02050A63
00464D83
00460713
020D8463
00564C83
00560713
000C8E63
00664E03
00660713
000E0863
00764E83
00760713
F80E9CE3
0107F793
40570733
36078E63
18E05263
00128593
0092EC33
40B486B3
003C7F93
0036B813
001FB513
00184613
00C57DB3
2C0D8AE3
FFF70E13
009E3E93
2C0E94E3
FFC77393
FFC38593
0025D793
00178F13
007F7C93
00028613
00048593
005380B3
0A0C8463
00100893
091C8663
00200313
066C8A63
00300C13
058C8E63
00400693
04DC8263
00500F93
03FC8663
00600813
010C8A63
0002A503
00428613
00448593
00A4A023
00062D83
00458593
00460613
FFB5AE23
00062E03
00458593
00460613
FFC5AE23
00062E83
00458593
00460613
FFD5AE23
00062383
00458593
00460613
FE75AE23
00062783
00458593
00460613
FEF5AE23
00062F03
00460613
00458593
FFE5AE23
04160863
00062C83
02060613
02058593
FF95A023
FE462883
FF15A223
FE862303
FE65A423
FEC62C03
FF85A623
FF062683
FED5A823
FF462F83
FFF5AA23
FF862803
FF05AC23
FFC62503
FEA5AE23
FA161CE3
FFC77093
001282B3
00148DB3
02170663
0002CE03
00108E93
01CD8023
00EEDE63
0012C383
00208793
007D80A3
00E7D663
0022CF03
01ED8123
00E484B3
FFF40893
001B8513
5C875E63
40E40CB3
40900333
FFFC8C13
00500693
00337F93
4586F4E3
00048D93
020F8E63
02000813
01048023
00100093
00148D93
FFE40893
021F8263
010480A3
00300293
00248D93
FFD40893
005F9863
00348D93
01048123
FFC40893
41FC8E33
FFCE7E93
FFCE8393
0023DF13
001F0593
01F487B3
20202C37
0075F613
00FE8333
020C0693
06060863
00100F93
05F60E63
00200413
04860663
00300813
03060E63
00400093
02160663
00500293
00560E63
00600E93
01D60663
00D7A023
00478793
00D7A023
00478793
00D7A023
00478793
00D7A023
00478793
00D7A023
00478793
00D7A023
00478793
00D7A023
00478793
02678663
00D7A023
00D7A223
00D7A423
00D7A623
00D7A823
00D7AA23
00D7AC23
00D7AE23
02078793
FC679EE3
FFCE7393
007D8433
407888B3
047E0263
02000D93
01B40023
FFF88E13
03175A63
01B400A3
FFE88F13
03C75463
01B40123
FFD88593
01E75E63
01B401A3
FFC88893
00B75863
01B40223
01175463
01B402A3
001BC403
019484B3
00040463
9A4FE06F
9BCFE06F
00070B93
FFF00713
00E41663
0017E793
00800413
0009A583
00048513
00040693
000C0713
01000613
ECCFD0EF
001BC403
00050493
00498993
001B8513
00040463
95CFE06F
974FE06F
00800613
978FF06F
0407E793
01000613
96CFF06F
0009AD83
00070B93
00498993
D0CFE06F
FFF40C13
4A875A63
40E406B3
409003B3
FFF68F93
00500093
0033F313
45F0FEE3
400308E3
02000513
00A48023
00100593
00148F13
FFE40893
02B30263
00A480A3
00300D93
00248F13
FFD40893
01B31863
00348F13
00A48123
FFC40893
40668CB3
FFCCFE13
FFCE0E93
002ED793
00178393
20202FB7
006487B3
0073F093
00FE0333
020F8813
06008863
00100613
04C08E63
00200513
04A08663
00300593
02B08E63
00400D93
03B08663
00500E13
01C08E63
00600E93
01D08663
0107A023
00478793
0107A023
00478793
0107A023
00478793
0107A023
00478793
0107A023
00478793
0107A023
00478793
0107A023
00478793
02F30663
0107A023
0107A223
0107A423
0107A623
0107A823
0107AA23
0107AC23
0107AE23
02078793
FCF31EE3
FFCCF393
007F0633
40788833
047C8263
02000F13
01E60023
FFF80893
03075A63
01E600A3
FFE80C93
03175463
01E60123
FFD80093
01975E63
01E601A3
FFC80313
00175863
01E60223
00675463
01E602A3
40870433
00D484B3
01840433
B11FF06F
00000793
884FE06F
00012E03
FFE7FD93
002DEC93
01C12623
02000D93
9E4FF06F
00900293
27E2DA63
00A00F93
03FF4CB3
00300593
00200893
00100813
019A86B3
0006C703
03FF6F33
06E10823
EBDFE06F
00900813
00E84463
C28FE06F
00A00093
02174533
1C010313
00C30C33
00268613
00AA82B3
0002CF03
02176733
EBEC0823
C00FE06F
00900313
00E34463
B78FE06F
00A00093
02174533
1C010C13
00BC02B3
00288593
00AA8F33
000F4F83
02176733
EBF28823
B50FE06F
00900893
00D8C463
C3CFE06F
00A00093
0216C733
1C010813
00A805B3
002C8513
00EA8333
00034C03
0216E6B3
EB858823
C14FE06F
308B0293
911FF06F
24105863
409002B3
FFE40393
00500F93
00008513
0032FC93
1E7FFEE3
160C8CE3
02000713
00E48023
00100613
00148593
02CC8263
00E480A3
00300793
00248593
FFD40393
00FC9863
00348593
00E48123
FFC40393
41908EB3
FFCEF093
FFC08E13
002E5813
00180313
019487B3
20202DB7
00737F13
00F088B3
020D8C13
060F0863
00100293
045F0E63
00200F93
05FF0663
00300C93
039F0E63
00400693
02DF0663
00500713
00EF0E63
00600613
00CF0663
0187A023
00478793
0187A023
00478793
0187A023
00478793
0187A023
00478793
0187A023
00478793
0187A023
00478793
0187A023
00478793
03178663
0187A023
0187A223
0187A423
0187A623
0187A823
0187AA23
0187AC23
0187AE23
02078793
FD179EE3
FFCEFE13
01C586B3
41C380B3
05CE8463
02000393
00768023
FFF08593
02B05C63
007680A3
FFE08E93
020E8663
00768123
FFD08813
02080063
007681A3
FFC08313
00030A63
00768223
00500F13
01E08463
007682A3
0009A083
00A48533
00498993
00150023
008484B3
001B8513
001BC403
00040463
D39FD06F
D51FD06F
0027E793
00498513
00070B93
00A00613
D4DFE06F
00200593
00100893
00000813
C65FE06F
008CF693
00000313
00069463
F8DFE06F
FFF40413
02000313
F81FE06F
01000613
D15FE06F
00A00613
D0DFE06F
00498513
00070B93
00800613
D01FE06F
00498513
00070B93
01000613
CF1FE06F
00498513
00070B93
00A00613
CE1FE06F
0407E793
00498513
00070B93
01000613
CCDFE06F
0009AD83
0407E793
00498993
00070B93
864FE06F
0107F713
B4070AE3
00000713
959FF06F
000C0413
FCCFF06F
0009AC03
001B8513
00498993
01848023
001BC403
00148493
F1DFF06F
03000293
00568023
4A0C0863
00268C93
02E00793
41900EB3
00F680A3
FFFC0E13
00500513
003EFF13
1DC57CE3
1C0F00E3
00568123
00100613
00368813
02CF0263
005681A3
00300593
00468813
00200613
00BF1863
00568813
00568223
00300613
41EC00B3
FFC0F713
FFC70693
0026D293
00128393
01EC87B3
30303537
0073FE93
00F70E33
03050893
060E8863
00100F13
05EE8E63
00200F93
05FE8663
00300593
02BE8E63
00400713
02EE8663
00500693
00DE8E63
00600293
005E8663
0117A023
00478793
0117A023
00478793
0117A023
00478793
0117A023
00478793
0117A023
00478793
0117A023
00478793
0117A023
00478793
03C78663
0117A023
0117A223
0117A423
0117A623
0117A823
0117AA23
0117AC23
0117AE23
02078793
FDC79EE3
FFC0F393
007808B3
00C38FB3
04708463
03000813
01088023
001F8613
03865C63
010880A3
002F8093
0380D663
01088123
003F8E93
038ED063
010881A3
004F8E13
018E5A63
01088223
005F8513
01855463
010882A3
018C8C33
000C0023
02014383
E3DFE06F
411803B3
40740433
ED1FE06F
07014083
00700893
00148023
07114E03
01C480A3
07214603
00C48123
07314C03
018481A3
07414583
00B48223
07514F03
01E482A3
07614783
00F48323
01129463
9FCFE06F
07714703
00800813
00E483A3
01029463
9E8FE06F
07814F83
00900313
01F48423
00629463
9D4FE06F
07914383
00A00E93
007484A3
01D29463
9C0FE06F
07A14C83
00B00513
01948523
00A29463
9ACFE06F
07B14883
00C00D93
011485A3
01B29463
998FE06F
07C14E03
00D00093
01C48623
00129463
984FE06F
07D14603
00F00C13
00C486A3
01828463
970FE06F
07E14583
00B48723
964FE06F
00068313
000F0393
9D0FE06F
00008813
000C0313
AB9FE06F
80000FB7
01EFCF33
FFF40413
02D00313
C4DFE06F
00070393
00048E93
AD0FF06F
00E28CB3
40BC8633
00767313
00048793
0E030463
FFF5C883
00100C13
00148793
FF178FA3
00158593
0D830863
00200693
06D30A63
00300F93
05F30E63
00400813
05030263
00500513
02A30663
00600093
00130A63
FFF5C283
00248793
00158593
005480A3
FFF5CD83
00178793
00158593
FFB78FA3
FFF5CE03
00178793
00158593
FFC78FA3
FFF5CE83
00178793
00158593
FFD78FA3
FFF5C383
00178793
00158593
FE778FA3
FFF5CF03
00178793
00158593
FFE78FA3
0440006F
0005C503
00858593
00878793
FEA78CA3
FF95C603
FEC78D23
FFA5C303
FE678DA3
FFB5CC03
FF878E23
FFC5C683
FED78EA3
FFD5CF83
FFF78F23
FFE5C803
FF078FA3
FFF5C603
00C78023
FB959CE3
D84FF06F
00748533
409508B3
0078F693
02010793
0A068463
00100E13
09C68663
00200F13
07E68A63
00300D93
05B68E63
00400093
04168263
00500C13
03868663
00600C93
01968A63
0007C283
00148493
02110793
FE548FA3
0007C303
00148493
00178793
FE648FA3
0007CF83
00148493
00178793
FFF48FA3
0007C603
00148493
00178793
FEC48FA3
0007C583
00148493
00178793
FEB48FA3
0007C803
00148493
00178793
FF048FA3
0007C383
00148493
00178793
FE748FA3
8AA48463
0007CE83
0017CE03
0027CF03
0037C883
0047CD83
0057C083
0067CC03
0077C683
01D48023
01C480A3
01E48123
011481A3
01B48223
001482A3
01848323
00D483A3
00848493
00878793
FAA49CE3
00050493
858FF06F
000680A3
020CFC13
CA0C0EE3
02014383
52038863
02010893
00088C13
02E00513
04500F93
00A39463
AE5FE06F
0DF3F813
0DF80063
001C4383
001C0C13
FE0394E3
02E00613
00CC0023
02014383
000C00A3
AB5FE06F
000F0493
84CFE06F
00078513
000F0413
D14FE06F
03A00D93
00148023
011480A3
01B48123
010481A3
01C48223
01B482A3
01D48323
006483A3
01B48423
01E484A3
01F48523
01B485A3
00548623
017486A3
01B48723
007487A3
00A48823
C54FE06F
00068813
00048713
CB1FD06F
000F0393
F9DFD06F
00070E13
00048813
FFF70C93
CD5FE06F
000C0493
879FE06F
00048413
CC8FF06F
00048813
89CFF06F
000C4383
100C0093
000C0793
14038663
0017C583
00178793
00078E93
04058E63
0017C883
00178793
04088863
002EC683
002E8793
04068263
003EC283
003E8793
02028C63
004ECE03
004E8793
020E0663
005ECF03
005E8793
020F0063
006EC703
006E8793
00070A63
007ECC83
007E8793
000C8463
F8179EE3
41878533
0CA05E63
00757F93
080F8663
00100813
070F8A63
00200613
06CF8063
00300393
047F8663
00400093
021F8C63
00500593
02BF8263
00600E93
01DF8863
0007C883
FFF78793
01178123
0007C683
FFF78793
00D78123
0007C283
FFF78793
00578123
0007CE03
FFF78793
01C78123
0007CF03
FFF78793
01E78123
0007C703
FFF78793
00E78123
0007CC83
FFF78793
01978123
04FC0663
0007CF83
FFF7C383
FFE7C083
FFD7C803
FFC7C503
FFB7C583
FFA7C603
FF97CE83
01F780A3
00778023
FE178FA3
FF078F23
FEA78EA3
FEB78E23
FEC78DA3
FFD78D23
FF878793
FAFC1EE3
02E00793
00FC0023
02014383
8B1FE06F
000F0493
C38FE06F
FFE40F93
00068413
000F8693
C21FD06F
00008393
00048593
EB8FF06F
00068893
00048093
BB9FD06F
000F0493
BC0FE06F
00070413
FFF70713
C39FE06F
000C0893
00048F13
C24FF06F
FFE40593
00070413
00058713
A75FE06F
00048893
A21FE06F
00048293
FFF70C93
BC1FE06F
FFE40693
00078413
00068793
9FCFE06F
00048D93
9A4FE06F
000C0813
00048613
CACFF06F
00048693
F0CFF06F
03000393
02E00813
00768023
010680A3
00268713
411000B3
16088863
00100E93
0008D463
00008E93
40E00E33
FFA00613
003E7293
22C8D463
1E028C63
03000793
00F68123
00100613
00368E13
02C28263
00F681A3
00300F93
00468E13
00200613
01F29863
00568E13
00F68223
00300613
405E8FB3
FFCFF693
FFC68393
0023D813
00180893
005707B3
00F685B3
0078F293
303036B7
03068813
06028863
00100393
04728E63
00200893
05128663
00300693
02D28E63
00400393
02728663
00500893
01128E63
00600693
00D28663
0107A023
00478793
0107A023
00478793
0107A023
00478793
0107A023
00478793
0107A023
00478793
0107A023
00478793
0107A023
00478793
02B78663
0107A023
0107A223
0107A423
0107A623
0107A823
0107AA23
0107AC23
0107AE23
02078793
FCB79EE3
FFCFF293
005E08B3
00C285B3
045F8463
03000E13
01C88023
00158613
02165C63
01C880A3
00258F93
021FD663
01C88123
00358813
02185063
01C881A3
00458393
0013DA63
01C88223
00558593
0015D463
01C882A3
01D70733
00154083
00170713
FFE70FA3
00070E93
00009463
E54FE06F
00254F03
00170023
00170713
000F1463
E40FE06F
00354883
01EE80A3
002E8713
00089463
E2CFE06F
00454783
011E8123
003E8713
00079463
E18FE06F
00554683
00FE81A3
004E8713
00069463
E04FE06F
00654283
00DE8223
005E8713
00029463
DF0FE06F
00754E03
005E82A3
006E8713
000E1463
DDCFE06F
00854F03
01CE8323
00850513
007E8713
F60F10E3
DC4FE06F
00070E13
00000613
E39FF06F
000C8813
00000613
E6CFF06F
02010C13
AFDFF06F
000C8893
00000F93
F28FF06F
00070893
00000593
EDDFF06F
001BC403
000C0493
CF8FF06F
00000000
00000000
F9010113
06812423
06912223
07212023
05312E23
05412C23
06112623
05512A23
05612823
05712623
05812423
05912223
05A12023
03B12E23
04E00893
01012E23
00050A13
00058493
00068913
00070993
00078413
7AC8DC63
04E00793
000A0513
00048593
00000613
00000693
00F12C23
029020EF
7C054063
0009A023
02010613
000A0513
00048593
29D010EF
02012803
02412A83
00058C13
00000613
00000693
00050993
000A8593
00080513
01012423
01512623
6D4020EF
05040C93
78050663
0010E737
0010E0B7
91072A03
91472A83
9180AB03
91C0AB83
00812383
00C12803
000C8D93
05000D13
00038513
00080593
000A8693
000A0613
152020EF
02010613
225010EF
000B0613
000B8693
02A12423
02B12623
32D010EF
000A0613
000A8693
01F020EF
272030EF
02012383
02412803
01B12423
03050E13
FFFD8D93
41BD0EB3
00000613
00000693
00080593
00038513
01CD8023
00712823
01012A23
008E84B3
628020EF
00050F13
01412583
01012503
000A0613
000A8693
000D8313
080F0063
0CA020EF
02010613
19D010EF
000B0613
000B8693
02A12423
02B12623
2A5010EF
000A0613
000A8693
796020EF
1EA030EF
02012783
02412283
01B12423
03050713
FFFD8D93
00000613
00000693
00078513
00028593
00ED8023
41BD04B3
00F12823
00512A23
5A4020EF
01012383
01412803
008484B3
000D8313
EE0518E3
359DF2E3
00812683
008DE633
00367A93
40D40A33
003A3093
001ABB13
0010CB93
017B7D33
200D0EE3
04F40E13
41BE0EB3
009EBF13
200F16E3
41BC8FB3
FFCFF513
FFC50593
0025D893
00188793
0077F293
01B50733
00040613
000D8693
08028C63
00100393
06728E63
00200813
07028263
00300A13
05428663
00400A93
03528A63
00500093
00128E63
00600B13
2D6290E3
0006AD03
00460613
00468693
FFA62E23
0006AE03
00460613
00468693
FFC62E23
0006AE83
00460613
00468693
FFD62E23
0006AF03
00460613
00468693
FFE62E23
0006A503
00460613
00468693
FEA62E23
0006A583
00468693
00460613
FEB62E23
04E68863
0006A883
02068693
02060613
FF162023
FE46A783
FEF62223
FE86A283
FE562423
FEC6A383
FE762623
FF06A803
FF062823
FF46AA03
FF462A23
FF86AA83
FF562C23
FFC6A083
FE162E23
FAE69CE3
FFCFF713
00E40B33
00ED8DB3
02EF8663
000DCF83
001D8B93
01FB0023
019BFE63
001DCD03
002D8E13
01AB00A3
019E7663
002DCE83
01DB0123
406C8333
00640B33
01812D83
01C12883
01B40BB3
00089463
009B8BB3
00992023
708BE463
216BE263
219B7063
416B84B3
0010E7B7
0034FD13
9107AA03
9147AA83
0C0D0C63
000A8693
00098513
000C0593
000A0613
576020EF
02810613
754010EF
00050993
00058C13
02812503
02C12583
001B0B13
7AF020EF
03050293
FE5B0FA3
1B6BE463
1B6C8263
00100393
087D0663
00200813
050D0263
000A8693
00098513
000C0593
000A0613
522020EF
02810613
700010EF
00050993
00058C13
02812503
02C12583
001B0B13
75B020EF
03050713
FEEB0FA3
156C8A63
000A8693
00098513
000C0593
000A0613
4E2020EF
02810613
6C0010EF
00050993
00058C13
02812503
02C12583
001B0B13
71B020EF
03050F93
FFFB0FA3
116C8A63
000A8693
00098513
000C0593
000A0613
4A2020EF
02810613
680010EF
00050993
00058C13
02812503
02C12583
002B0D93
003B0493
6D7020EF
00050E13
001B0E93
030E0F13
FFEE8FA3
00098513
000C0593
000A0613
000A8693
004B0B13
0BDBEA63
0BDC8863
44E020EF
02810613
62C010EF
00050D13
00058993
02812503
02C12583
68B020EF
00050313
03030893
FF1D8FA3
000D0513
00098593
000A0613
000A8693
07BC8863
40E020EF
02810613
5EC010EF
00050C13
00058D93
02812503
02C12583
64B020EF
00050793
03078293
FE548FA3
000C0513
000D8593
000A0613
000A8693
029C8863
3CE020EF
02810613
5AC010EF
00050993
00058C13
02812503
02C12583
60B020EF
03050693
FEDB0FA3
EF6C9AE3
519BF463
000BCC83
03900093
005C8513
0FF57593
00BB8023
20B0FA63
01C12603
4E060E63
408B8DB3
007DF293
000B8793
03000693
03900C93
10028A63
00DB8023
57747A63
FFFBC783
FFFB8093
00178513
0FF57613
FECB8FA3
1CCCFA63
00100A13
00008793
0F428463
00200A93
0D528063
00300393
08728C63
00400813
07028863
00500713
04E28463
00600F93
03F28063
FFEBCE03
FEDB8FA3
FFEB8793
001E0E93
0FFEFF13
FFEB8F23
19ECF263
FFF7C483
00D78023
FFF78B13
00148D13
0FFD7993
FF378FA3
000B0793
173CF263
FFF7C303
00D78023
FFF78893
00130C13
0FFC7593
FEB78FA3
00088793
14BCF263
FFF7CD83
00D78023
FFF78293
001D8093
0FF0F513
FEA78FA3
00028793
12ACF263
FFF7C603
00D78023
FFF78A13
00160A93
0FFAF393
FE778FA3
000A0793
107CF263
FFF7C803
00D78023
FFF78F93
00180713
0FF77E13
FFC78FA3
000F8793
0FCCF263
00D78023
46F47263
FFF7C283
FFE78F13
FFD78D13
00128093
0FF0F513
FEA78FA3
FFC78893
FFB78C13
FFA78D93
FF978593
0AACF863
FFE7C603
FED78FA3
00160A13
0FFA7A93
FF578F23
095CFC63
FED78F23
FFFF4383
00138813
0FF87F93
FFFF0FA3
09FCF063
FED78EA3
FFFD4703
00170E13
0FFE7E93
FFDD0FA3
07DCF463
FED78E23
FFF8C483
00148B13
0FFB7993
FF388FA3
053CF863
FED78DA3
FFFC4303
00130F13
0FFF7D13
FFAC0FA3
03ACFC63
FED78D23
FFFDC883
00188C13
0FFC7293
FE5D8FA3
025CF063
FED78CA3
FFF5CD83
FF878793
001D8093
0FF0F513
FEA58FA3
F2ACE2E3
000B8023
06C12083
00040513
06812403
06412483
06012903
05C12983
05812A03
05412A83
05012B03
04C12B83
04812C03
04412C83
04012D03
03C12D83
07010113
00008067
FFF64713
41F75093
001672B3
000A0513
00048593
00000613
00000693
00512C23
06C020EF
840554E3
00100313
800003B7
0069A023
0093C4B3
839FF06F
00098513
000C0593
00000613
00000693
79B010EF
24A05863
0010EB37
910B2603
914B2683
00098513
000C0593
0CA020EF
0010E637
8FC62A83
8F862A03
00050D13
000A8693
000A0613
00058D93
02A12423
02B12623
7FD010EF
00000493
48055E63
914B2B83
910B2B03
000D0513
000D8593
000B0613
000B8693
07E020EF
000A0613
000A8693
FFF48493
000D0993
000D8C13
00050D13
00058D93
7B9010EF
00912423
1A055263
000D0513
000D8593
000B0613
000B8693
042020EF
000A0613
000A8693
000D0993
000D8C13
00050D13
00058D93
781010EF
FFF48493
16055663
000D0513
000D8593
000B0613
000B8693
00A020EF
000A8693
000A0613
000D0993
000D8C13
00050D13
00058D93
749010EF
00812683
FFE68493
12055863
000D0513
000D8593
000B0613
000B8693
7CF010EF
000A0613
000A8693
000D0993
000D8C13
00050D13
00058D93
70D010EF
00812E83
FFDE8493
0E055A63
000D0513
000D8593
000B0613
000B8693
793010EF
000A0613
000A8693
000D0993
000D8C13
00050D13
00058D93
6D1010EF
00812F03
FFCF0493
0A055C63
000D0513
000D8593
000B0613
000B8693
757010EF
000A0613
000A8693
000D0993
000D8C13
00050D13
00058D93
695010EF
00812F83
FFBF8493
06055E63
000D0513
000D8593
000B0613
000B8693
71B010EF
000A0613
000A8693
000D0993
000D8C13
00050D13
00058D93
659010EF
00812883
FFA88493
04055063
000D0513
000D8593
000B0613
000B8693
6DF010EF
000A0613
000A8693
000D0993
000D8C13
00050D13
00058D93
61D010EF
00812783
FF978493
E20544E3
03A12423
03B12623
00040B13
8E5FF06F
00040023
D2DFF06F
040407A3
D25FF06F
00040B13
00000493
8C9FF06F
000B8593
03000A13
03100A93
03900393
01458023
02B47463
FFF5C983
FFF58313
00198893
0FF8FC13
FF858FA3
CF83F2E3
00030593
01458023
FEB460E3
01558023
00092803
00180713
00E92023
01747463
014B8023
0005CF83
001B8B93
CBF3FAE3
FAB468E3
03100E13
03000E93
03900F13
01C58023
00092483
00148B13
01692023
01747463
01DB8023
0005CD03
001B8B93
FFAF60E3
C7DFF06F
03100693
00D78023
00092C83
03900E93
03100F13
001C8493
00992023
0007CB03
03900D13
C56EFAE3
01E78023
00092983
00198313
00692023
0007C883
C31D7EE3
01E78023
00092C03
001C0593
00B92023
0007CD83
C3BD72E3
01E78023
00092283
00128093
00192023
0007C503
C0AD76E3
01E78023
00092603
00160A13
01492023
0007CA83
BF5D7AE3
01E78023
00092383
00138813
01092023
0007CF83
BDFD7EE3
01E78023
00092703
00170E13
01C92023
0007C683
BCDD72E3
01E78023
00092C83
001C8E93
01D92023
0007C483
BA9D76E3
01E78023
00092B03
001B0993
01392023
0007C303
F46D62E3
B91FF06F
41BC8F33
007F7513
00040693
0A050463
00100593
08B50663
00200613
06C50A63
00300893
05150E63
00400793
04F50263
00500293
02550663
00600393
00750A63
000DC803
00140693
001D8D93
01040023
000DCA03
00168693
001D8D93
FF468FA3
000DCA83
00168693
001D8D93
FF568FA3
000DC083
00168693
001D8D93
FE168FA3
000DC703
00168693
001D8D93
FEE68FA3
000DCB03
00168693
001D8D93
FF668FA3
000DCF83
001D8D93
00168693
FFF68FA3
E9BC8463
000DCB83
008D8D93
00868693
FF768C23
FF9DCD03
FFA68CA3
FFADCE03
FFC68D23
FFBDCE83
FFD68DA3
FFCDCF03
FFE68E23
FFDDC503
FEA68EA3
FFEDC583
FEB68F23
FFFDC603
FEC68FA3
FBBC9CE3
E38FF06F
00040B13
E38FF06F
000DAB83
004D8693
00440613
01742023
D34FF06F
00000013
0010E7B7
00100813
3C078793
A94FF06F
00100813
A8CFF06F
00000013
00000013
0010E7B7
00000813
3C078793
A74FF06F
00000813
A6CFF06F
00000000
00000000
4500006F
45D0006F
00000093
00008113
00008193
00008213
00008293
00008313
00008393
00008413
00008493
00008513
00008593
00008613
00008693
00008713
00008793
00008813
00008893
00008913
00008993
00008A13
00008A93
00008B13
00008B93
00008C13
00008C93
00008D13
00008D93
00008E13
00008E93
00008F13
00008F93
0002E117
F3C10113
00004D17
2CCD0D13
00004D97
33CD8D93
01BD5863
000D2023
004D0D13
FFADDCE3
00000513
00000593
21D020EF
000202B7
00828293
00100313
0062A023
10500073
FFDFF06F
0FF57793
00020737
00F72023
00008067
00054803
06080663
000207B7
0107A023
00154703
04070E63
00E7A023
00254283
04028863
0057A023
00354303
04030263
0067A023
00454383
02038C63
0077A023
00554583
02058663
00B7A023
00654603
02060063
00C7A023
00754683
00850513
00068863
00D7A023
00054803
FA0810E3
00000513
00008067
00000013
00000013
01C55793
00900713
0CF77A63
03778293
00020337
00451613
00532023
01C65693
00900813
0CD87A63
03768893
00020E37
00851F93
011E2023
01CFD793
00900713
0CF77A63
03778293
00020337
00C51613
00532023
01C65693
00900813
0CD87A63
03768893
00020E37
01051F93
011E2023
01CFD793
00900713
0CF77A63
03778293
00020337
01451613
00532023
01C65693
00900813
0CD87A63
03768893
00020E37
01851F93
011E2023
01CFD793
00900713
0CF77A63
03778293
00020337
00532023
00F57513
00900613
0CA66A63
03050893
00020E37
011E2023
00008067
03078393
000205B7
00451613
0075A023
01C65693
00900813
F2D86AE3
03068E93
00020F37
00851F93
01DF2023
01CFD793
00900713
F2F76AE3
03078393
000205B7
00C51613
0075A023
01C65693
00900813
F2D86AE3
03068E93
00020F37
01051F93
01DF2023
01CFD793
00900713
F2F76AE3
03078393
000205B7
01451613
0075A023
01C65693
00900813
F2D86AE3
03068E93
00020F37
01851F93
01DF2023
01CFD793
00900713
F2F76AE3
03078393
000205B7
0075A023
00F57513
00900613
F2A67AE3
03750693
00020837
00D82023
00008067
00000013
000207B7
00100713
00E7A423
00008067
B0201073
B0001073
B0301073
B0401073
B0501073
B0601073
B0701073
B0801073
B0901073
B0A01073
B0B01073
B0C01073
B0D01073
B0E01073
B0F01073
B1001073
B1101073
B1201073
B1301073
B1401073
B1501073
B1601073
B1701073
B1801073
B1901073
B1A01073
B1B01073
B1C01073
B1D01073
B1E01073
B1F01073
B8201073
B8001073
B8301073
B8401073
B8501073
B8601073
B8701073
B8801073
B8901073
B8A01073
B8B01073
B8C01073
B8D01073
B8E01073
B8F01073
B9001073
B9101073
B9201073
B9301073
B9401073
B9501073
B9601073
B9701073
B9801073
B9901073
B9A01073
B9B01073
B9C01073
B9D01073
B9E01073
B9F01073
00008067
00000013
34102573
00008067
00000013
00000013
34202573
00008067
00000013
00000013
34302573
00008067
00000013
00000013
0010E7B7
04500893
31078613
00020737
01172023
00164683
04068E63
00D72023
00264283
04028863
00572023
00364303
04030263
00672023
00464383
02038C63
00772023
00564503
02050663
00A72023
00664583
02058063
00B72023
00764803
00860613
00080863
01072023
00064883
FA0890E3
0010EE37
03D00513
320E0793
00020EB7
00AEA023
0017CF03
040F0E63
01EEA023
0027CF83
040F8863
01FEA023
0037C703
04070263
00EEA023
0047C683
02068C63
00DEA023
0057C283
02028663
005EA023
0067C303
02030063
006EA023
0077C383
00878793
00038863
007EA023
0007C503
FA0510E3
0010E5B7
04D00293
33058713
00020837
00582023
00174603
04060E63
00C82023
00274883
04088863
01182023
00374E03
040E0263
01C82023
00474E83
020E8C63
01D82023
00574F03
020F0663
01E82023
00674F83
020F8063
01F82023
00774683
00870713
00068863
00D82023
00074283
FA0290E3
34102373
00900793
01C35393
4E77F263
03738513
00A82023
00431813
01C85613
00900893
4AC8FE63
03760E13
00020EB7
01CEA023
00831713
01C75293
00900693
4856F863
03728793
000203B7
00F3A023
00C31813
01C85613
00900893
46C8F263
03760E13
00020EB7
01CEA023
01031713
01C75293
00900693
4256FC63
03728793
000203B7
00F3A023
01431813
01C85613
00900893
40C8F663
03760E13
00020EB7
01CEA023
01831713
01C75293
00900693
3E56F063
03728793
000203B7
00F3A023
00F37313
00900813
3A686C63
03030E13
00020EB7
01CEA023
0010EF37
00A00813
33CF0793
00020FB7
010FA023
0017C703
04070E63
00EFA023
0027C283
04028863
005FA023
0037C683
04068263
00DFA023
0047C383
02038C63
007FA023
0057C503
02050663
00AFA023
0067C583
02058063
00BFA023
0077C303
00878793
00030863
006FA023
0007C803
FA0810E3
342028F3
00900613
01C8DE13
31C67E63
037E0E93
01DFA023
00489F93
01CFD713
00900293
2EE2FA63
03770393
000206B7
0076A023
00889793
01C7D313
00900813
2C687463
03730613
00020E37
00CE2023
00C89F93
01CFD713
00900293
28E2FE63
03770393
000206B7
0076A023
01089793
01C7D313
00900813
26687863
03730613
00020E37
00CE2023
01489F93
01CFD713
00900293
24E2F263
03770393
000206B7
0076A023
01889793
01C7D313
00900813
20687C63
03730613
00020E37
00CE2023
00F8F893
00900F93
1F1FE863
03088393
000206B7
0076A023
0010E537
00A00F93
34850793
000205B7
01F5A023
0017C303
04030E63
0065A023
0027C803
04080863
0105A023
0037C603
04060263
00C5A023
0047CE03
020E0C63
01C5A023
0057CE83
020E8663
01D5A023
0067CF03
020F0063
01E5A023
0077C883
00878793
00088863
0115A023
0007CF83
FA0F90E3
343022F3
00900713
01C2D393
14777A63
03738693
00D5A023
00429593
01C5D313
00900813
12687663
03730613
00020E37
00CE2023
00829793
01C7D893
00900F93
111FF063
03788713
000203B7
00E3A023
00C29593
01C5D313
00900813
0C687A63
03730613
00020E37
00CE2023
01029793
01C7D893
00900F93
0B1FF463
03788713
000203B7
00E3A023
01429593
01C5D313
00900813
06687E63
03730613
00020E37
00CE2023
01829793
01C7D893
00900F93
051FF863
03788713
000203B7
00E3A023
00F2F293
00900593
0255E463
03028613
00020E37
00CE2023
00020EB7
00A00F13
01EEA023
00100793
00FEA423
0000006F
03728313
00020837
00682023
FDDFF06F
03088513
000206B7
00A6A023
FB5FF06F
03030E93
00020F37
01DF2023
F89FF06F
03088513
000206B7
00A6A023
F5DFF06F
03030E93
00020F37
01DF2023
F31FF06F
03088513
000206B7
00A6A023
F05FF06F
03030E93
00020F37
01DF2023
ED9FF06F
03038513
00A5A023
EB1FF06F
03788293
00020737
00572023
E15FF06F
03030E93
00020F37
01DF2023
DEDFF06F
03070513
000205B7
00A5A023
DC1FF06F
03030E93
00020F37
01DF2023
D95FF06F
03070513
000205B7
00A5A023
D69FF06F
03030E93
00020F37
01DF2023
D3DFF06F
03070513
000205B7
00A5A023
D11FF06F
030E0F13
01EFA023
CE9FF06F
03730613
000208B7
00C8A023
C4DFF06F
03028513
000205B7
00A5A023
C25FF06F
03060F13
00020FB7
01EFA023
BF9FF06F
03028513
000205B7
00A5A023
BCDFF06F
03060F13
00020FB7
01EFA023
BA1FF06F
03028513
000205B7
00A5A023
B75FF06F
03060F13
00020FB7
01EFA023
B49FF06F
03038593
00B82023
B21FF06F
00000013
00000013
0010E737
00000613
0010E7B7
00000693
3AC72C23
3AD72E23
3AA7A823
3AB7AA23
000302B7
0042AF83
0002A783
0042A303
066F8A63
0042AF83
0002A783
0042A383
067F8263
0042AF83
0002A783
0042A803
050F8A63
0042AF83
0002A783
0042A883
051F8263
0042AF83
0002A783
0042AE03
03CF8A63
0042AF83
0002A783
0042AE83
03DF8263
0042AF83
0002A783
0042AF03
01EF8A63
0042AF83
0002A783
0042A703
F8EF92E3
00A78533
00F536B3
00BF85B3
FFF00613
00C2A423
00B68333
0062A623
00A2A423
08000293
3042A073
00800393
3003A073
00008067
00000013
00000013
08000793
3047B073
00008067
00000013
000307B7
0047A703
0007A503
0047A583
06E58C63
0047A283
0007A503
0047A583
06558463
0047A303
0007A503
0047A583
04658C63
0047A383
0007A503
0047A583
04758463
0047A603
0007A503
0047A583
02C58C63
0047A683
0007A503
0047A583
02D58463
0047A803
0007A503
0047A583
01058C63
0047A883
0007A503
0047A583
F91592E3
00008067
00008067
00000013
000307B7
FFF00713
00E7A423
00B7A623
00A7A423
00008067
00000013
00000013
0010E7B7
3B87A503
3BC7A583
00008067
FE010113
00F12423
0010E7B7
00A12E23
00C12A23
3B47A503
3B07A603
01012223
00B12C23
00D12823
00E12623
01112023
00030837
00482703
00082683
00482583
06B70A63
00482703
00082683
00482883
07170263
00482703
00082683
00482783
04F70A63
00482703
00082683
00482583
04B70263
00482703
00082683
00482883
03170A63
00482703
00082683
00482783
02F70263
00482703
00082683
00482583
00B70A63
00482703
00082683
00482883
F91712E3
00C68633
00D637B3
00A70533
FFF00593
00B82423
00A78733
00E82623
00C82423
0010E6B7
3B86A803
3BC6A883
01812583
00180513
01053633
011607B3
3AA6AC23
3AF6AE23
01C12503
01412603
01012683
00C12703
00812783
00412803
00012883
02010113
30200073
00000000
00000000
4145D793
F7931101
CC227FF7
C84ACA26
CE06C64E
871389B2
464DC017
842E892A
486384AE
536306E6
07B70207
47018000
A0238FED
A22300E9
40F200F9
446285A2
49B244D2
4942854A
80826105
001007B7
D7B317FD
F73340E7
66B300F5
EE8100A7
0129A023
0089A223
800005B7
8DE54501
842E892A
C793B7D9
4801FFF7
00B7F733
86BA8642
0109A023
00E9A223
1CE010EF
0613B7C5
54630330
A02302E6
A22300A9
282500B9
864AF171
854A86A2
20BD85A2
842E892A
00A9A023
00B9A223
8713BFBD
57FDBED7
00E7D7B3
00F57733
C793DB51
F833FFF7
872E00A7
9713B765
87AA0015
00175613
0737CB0D
972EFFF0
7FE006B7
64634511
073702D7
972E7FF0
00D76F63
7FF00737
450D8DF9
4501C989
00E61763
0017B513
45098082
8082F7E5
00100837
1101187D
00B877B3
0145D713
00D87833
0146D313
078ECC22
7FF77413
01D55713
CA26080E
D4938FD9
571301F5
731301D6
CE067FF3
C64EC84A
673382FD
15930107
060E0035
40640833
22D49863
0F005363
02031863
00C766B3
58068363
FFF80513
962EE909
00B63533
97AA97BA
440585B2
0693A8B9
1D637FF0
041300D8
A24D7FF0
7FF00693
18D40E63
008006B7
85428F55
03800693
08A6CB63
C26346FD
081306A6
08330200
16B340A8
58B30107
163300A6
E6B30106
36330116
8E5500C0
00A75733
3533962E
973E00B6
00A707B3
073785B2
8F7D0080
14070663
07130405
0D637FF0
073748E4
177DFF80
F5138FF9
D7130015
8D590015
01F79593
83858DC9
0693A215
0893FE05
56B30200
480100D7
01150863
04000813
40A80533
00A71833
00C86633
00C03633
47018E55
8E59BF61
00C03633
0B63BFDD
05330A08
E40D4083
00B7E6B3
42068363
FFF50693
95B2E699
B63397BA
97B200C5
0813BF29
1D637FF0
87BA0105
BF2185B2
7FF00693
FED30BE3
008006B7
86AA8FD5
03800513
06D54363
4B63457D
081302D5
08330200
953340D8
D8B30107
95B300D5
65330105
35B30115
8D4D00B0
00D7D7B3
00C505B3
B63397BA
97B200C5
BF31841A
FE068513
02000893
00A7D833
87634501
05130116
8D150400
00A79533
35338D4D
653300A0
478100A8
E533B7E1
353300B7
BFD500A0
00140693
7FE6F513
E6B3E13D
E42900B7
36068B63
00C766B3
962EC285
353397BA
97AA00B6
00800737
85B28F7D
0737C711
177DFF80
44058FF9
0075F713
34070C63
00F5F713
07634691
871334D7
35330045
97AA00B7
AE3D85BA
8E59DE99
E2060BE3
07B74481
45810040
7FF00413
0513A625
8D637FF0
962E30A6
00B63533
97AA97BA
01F79513
65B38205
838500C5
B76D8436
0D005663
08031163
00C766B3
34068D63
FFF80513
8633E911
B53340C5
8F9900C5
85B28F89
A0B14405
7FF00693
DCD80BE3
03800693
08A6C863
CF6346FD
081304A6
08330200
16B340A8
58B30107
163300A6
E6B30106
36330116
8E5500C0
00A75733
40C58633
00C5B533
40E78733
40A707B3
093785B2
F7330080
D71D0127
F933197D
89AE0127
0693AA5D
0FE37FF0
06B7F0D4
8F550080
BF698542
FE050693
02000893
00D756B3
08634801
08130115
05330400
183340A8
663300A7
363300C8
8E5500C0
BF794701
36338E59
BFDD00C0
0C080563
40830533
E833E81D
086300B7
08132808
1B63FFF5
05B30008
07B340B6
363340F7
8F9100B6
B73D84B6
7FF00893
03151063
85B287BA
7FF00413
0813A07D
09E37FF0
0837FF03
E7B30080
882A0107
03800513
07054663
4D63457D
08930305
88B30200
95334108
DE330117
95B30105
65330115
35B301C5
8D4D00B0
0107D7B3
40A605B3
40F707B3
00B63633
841A8F91
BF1184B6
FE080513
02000E13
00A7D8B3
08634501
051301C8
05330400
95334105
8D4D00A7
00A03533
00A8E533
B7C94781
00B7E533
00A03533
0513BFD5
75130014
E9257FE5
00B7E833
00C76533
1863E821
02630008
87BA1C05
84B685B2
07E3BBC5
8833DE05
B8B340C5
85330105
053340E7
08B74115
78B30080
8A630115
05B30008
07B340B6
363340F7
8F9100B6
65B3B7F9
866300A8
87AA1805
BB4D85C2
00081863
18050163
85B287BA
BEF584B6
BE050DE3
89B3B3D1
B53340C5
89330135
093340E7
053740A9
75330080
C92500A9
40B609B3
40F707B3
01363633
40C78933
046384B6
854A0609
72A010EF
FF850713
C26347FD
079306E7
8F990200
00E91933
00F9D7B3
0127E7B3
00E995B3
06874F63
06938F01
467D0017
04D64563
02000713
96338F15
D53300E7
95B300D5
8E4900E5
00B035B3
D7B38DD1
440100D7
E5B3BB11
F1C50129
44014781
854EA8D9
6C6010EF
02050513
0793BF61
97B3FD85
458100F9
1705B775
02000613
00E7D733
87634501
051300C6
8D150400
00A79533
35338D4D
65B300A0
478100A7
8C19BF4D
FF800737
8FF9177D
87BAB975
842A85B2
87BAB955
B17D85B2
7FF00413
45814781
00800737
CB118F7D
07130405
0B637FF0
073706E4
177DFF80
97138FF9
D51301D7
8D590035
7FF00713
1963838D
8D5D00E4
C5094781
000807B7
44814501
01441713
7FF006B7
40F207B2
8F754462
04FE83B1
E7338FD9
49420097
49B244D2
610585BA
84428082
87BAB181
842A85B2
4781B599
44814581
4781B771
4581BFED
07B74481
B9890040
45814781
7179BF49
D913D04A
D2260145
CC52CE4E
C462C85A
00C59493
D422D606
C65ECA56
7FF97913
8B328A2A
80B18C36
01F5D993
08090363
7FF00793
0CF90963
01D55A93
E4B3048E
0AB7009A
EAB30080
14130154
09130035
4B81C019
00CC1513
00C55493
014C5513
7FF57593
01FC5C13
0793C1F1
8A637FF0
951310F5
57930034
8D5D01DB
008004B7
1F938CC9
8513003B
4781C015
002B9713
177D8F5D
C6B34639
05B30189
646340A9
E63710E6
070A0010
B7C60613
43189732
EAB38702
826300A4
C89D060A
10EF8526
079351C0
4771FF55
02F74963
04134AF5
8AB3FF85
94B340FA
5AB30084
EAB3015A
1433009A
0593008A
8933C0D0
B79540A5
4EA010EF
02050513
0493B7E9
1AB3FD85
4401009A
EAB3B7CD
8C6300A4
842A000A
09138AA6
4B8D7FF0
4401BF35
4B854901
4401BF15
7FF00913
B72D4B89
0164EFB3
060F8263
8526C89D
4A2010EF
879385AA
4771FF55
02F74963
8F9346F5
8E9DFF85
01F49533
00DB56B3
00A6E4B3
01FB1FB3
C0D00693
40B68533
855AB70D
46E010EF
02050593
8513B7E9
14B3FD85
4F8100AB
EFB3B7C5
8B630164
8FDA000F
7FF00513
BDED478D
45014481
BDCD4785
05134481
47897FF0
E663B5E5
96630154
64632A9A
96132BF4
571301FA
17930014
DA9301F4
6433001A
951300E6
D8930084
E8B3018F
814100A8
02AADE33
01089E93
010EDE93
01045713
008F9313
02AAFAB3
88338672
0AC203CE
01576733
01077C63
06139746
6763FFFE
75630117
06130107
9746FFEE
41070733
02A75E33
80410442
02A77733
883382F2
074203CE
7C638F41
97460107
FFFE0293
01176763
01077563
FFEE0293
04339746
06424107
62B36841
0E130056
D613FFF8
F7330102
5F1301C2
7E330103
03B301C3
04B302EE
073303C6
0FB302EF
063303E6
D7130097
97320103
00977363
56139FC2
967E0107
1FFD6FC1
01F77833
F3B30842
981E01F3
00C46763
1E638496
FC6302C4
979A0307
0067B733
943A9746
FFF28493
0088E663
02889163
0067EF63
00C46663
00861B63
0107F963
B733979A
97460067
FFE28493
8833943A
8C114107
0107B7B3
5FFD8C1D
0E888763
02A45FB3
01085713
02A47433
87B3867E
044203FE
7C638C59
944600F4
FFFF8613
01146763
00F47563
FFEF8613
8C1D9446
02A45733
58130842
74330108
87BA02A4
02EE8EB3
64330442
7C630088
944601D4
FFF70793
01146763
01D47563
FFE70793
06429446
17938E5D
83C10106
01065713
02EF0833
41D40433
02FF0F33
03C78EB3
03C70E33
010ED793
97FA9F72
01C7F463
983A6741
0107D713
68419742
F533187D
05420107
010EFEB3
66639576
1F6300E4
8FB218E4
9446C91D
FFF60F93
03146163
00E46663
18E41363
00A37D63
00131793
0067B333
0F93989A
9446FFE6
1463833E
046300E4
EF930065
8793001F
5B633FF5
F7130AF0
CF01007F
00FFF713
08634611
861300C7
3FB3004F
94FE01F6
07378FB2
8F650100
07B7C719
17FDFF00
87938CFD
07134005
42637FE0
DF9306F7
9713003F
673301D4
D51301F7
07D20034
7FF00637
50B20532
8FF15422
8D5D8131
67B306FE
549200D5
49F25902
4AD24A62
4BB24B42
853A4C22
614585BE
15FD8082
B3B54781
84D686CE
87DE8FA2
8A63470D
47050AE7
0AE78E63
92E34709
4501F6E7
07934701
B7657FF0
B7CD86E2
000804B7
46814F81
BFD9478D
8D1D4505
03800713
08A74863
4963477D
859304A7
97B341E5
D73300B4
95B300AF
8FD900BF
00B035B3
D5338FCD
F71300A4
CF010077
00F7F713
08634611
871300C7
37B30047
953E00F7
073787BA
8F690080
1713E739
838D01D5
810D8F5D
BF254781
07B35705
061340F7
D7B30200
470100F4
00C50663
43E58713
00E49733
01F76733
00E03733
45018FD9
0537B75D
47010008
7FF00793
B7014681
47014501
4501B7C1
47854701
867EBDCD
BD618FB2
0145D713
001007B7
D81317FD
832A0146
77138EAA
05137FF7
F8B37FF0
8F3200B7
81FD8FF5
7FF87813
1A6382FD
EE3300A7
45050068
000E1463
00E80563
15638082
8E5D00A8
FA7D4505
19E34505
97E3FF07
95E3FEF8
8863FFEE
F36D00D5
0068E533
00A03533
45018082
07378082
177D0010
0145D813
00B778B3
832A87AA
7FF87813
01F5D513
7FF00E93
0146D593
8E328F75
7FF5F593
186382FD
EEB301D8
846300F8
5579060E
96638082
6EB301D5
9AE300C7
1C63FE0E
E7B30408
B79300F8
E1990017
CE0D8E59
1463EB81
D96300D5
C50D0105
8082557D
C691557D
80828536
00B85463
8082D965
FF1765E3
00E89C63
FE6E61E3
FFC368E3
80824501
80824505
BFC1FFE5
FEE8E0E3
82E3BFC5
FDD5FB05
BF4D4781
00100737
D813177D
78B30145
87AA00B7
7813832A
D5137FF8
0E9301F5
D5937FF0
8F750146
F5938E32
82FD7FF5
01D81863
00F8EEB3
060E8463
80824509
01D59663
00C76EB3
FE0E9AE3
04081C63
00F8E7B3
0017B793
8E59E199
EB81CE0D
00D51463
0105D963
557DC50D
557D8082
8536C691
54638082
D96500B8
65E38082
9C63FF17
61E300E8
68E3FE6E
4501FFC3
45058082
FFE58082
E0E3BFC1
BFC5FEE8
FB0582E3
4781FDD5
7179BF4D
D993CE4E
D4220145
CC52D226
C65ECA56
00C59493
D04AD606
F993C85A
842A7FF9
8AB68BB2
DA1380B1
806301F5
07930809
84637FF0
57930CF9
048E01D5
07B78CDD
8CDD0080
00351913
C0198993
D5134B01
9413014A
751300CA
80317FF5
01FADA93
0793CD5D
04637FF0
D79310F5
040E01DB
07B78C5D
8C5D0080
C0150513
003B9793
16934701
8ED9002B
16FD954E
46334839
0593015A
6D630015
E5370ED8
068A0010
BB850513
429496AA
E9338682
0F6300A4
C88D0409
00EF8526
07136310
47F1FF55
02E7C763
091347F5
8F99FF85
012494B3
00F457B3
19338CDD
09930124
89B3C0D0
B7AD40A9
603000EF
02050513
0493B7F9
14B3FD85
49010094
E933B7CD
0B6300A4
892A0009
7FF00993
B7914B0D
49814481
BF354B05
09934481
4B097FF0
67B3BF0D
CFB10174
8522C80D
5BF000EF
FF550693
C86347F1
477502D7
FF850793
14338F15
D73300F4
8C5900EB
00FB97B3
C0D00713
40A70533
855EB735
58F000EF
02050513
0413B7F1
9433FD85
4781008B
67B3B7C5
CB910174
051387DE
470D7FF0
4401B719
47054501
4401BDFD
7FF00513
BDD54709
0E936F41
5713FFFF
D8930109
79330107
F7B301D9
883301D7
06B30328
0FB302F9
033302F7
D81301F8
981A0106
03170E33
01F87363
53939E7A
78330108
F6B301D8
5F1301D6
72B30104
084201D4
0EB39836
06B30257
09330259
0333032F
D91301D9
991A0106
03E70733
01D97463
971A6341
01095E93
9EBA69C1
FFF98713
00E97933
D4138EF9
09420104
87338CF9
99360297
033393CA
86B302F4
87B30298
88B30288
56930066
96C60107
0066F363
D89397CE
69C10106
00F88FB3
FFF98793
029288B3
8F7D8EFD
96BA06C2
025407B3
029F04B3
028F0333
D41394BE
94A20108
00F4F363
67C1934E
F73317FD
F8B300F4
074200F8
97469E1E
012E3933
04339776
9E360127
00DE36B3
01F408B3
00D88F33
01D73733
01243433
80C18C59
01F8B8B3
00DF36B3
E6B39426
943600D8
5793941A
0426017F
17938C5D
E7B3009E
37B30107
5E1300F0
1713017E
E7B3009F
8FD901C7
01000737
CB4D8F61
0017D713
8FD98B85
01F41713
80058FD9
3FF58693
0AD05063
0077F713
F713CF01
451100F7
00A70863
00478713
00F737B3
87BA943E
01000737
C7198F61
FF000737
8C79177D
40058693
7FE00713
0ED74E63
0037D713
01D41793
800D8FD9
01469713
06B70432
8F757FF0
8C598031
50B2067E
00C46733
54925422
49F25902
4AD24A62
4BB24B42
85BA853E
80826145
84268652
875A87CA
09634689
468D0AD7
08D70F63
17E34685
4401F6D7
A09D4781
B7DD8656
BFB985AA
8D154505
03800713
FEA745E3
4963477D
859304A7
173341E5
D6B300B4
97B300A7
8F5500B7
00F037B3
54338FD9
F71300A4
CF010077
00F7F713
08634691
871300D7
37B30047
943E00F7
073787BA
8F610080
1713E739
838D01D4
800D8FD9
B7A94681
8F155705
02000813
00E45733
06634681
85930105
16B343E5
8FD500B4
00F037B3
44018FD9
0437B76D
47810008
7FF00693
BF194601
47814401
7FF00693
4401B731
46854781
0837B711
187D0010
77B31101
D71300B8
78330145
D31300D8
CC220146
7413078E
57137FF7
CA2601D5
D4938FD9
571301F5
159301D6
080E0035
C84ACE06
7313C64E
05137FF3
82FD7FF0
01076733
1563060E
653300A3
E11900C7
0016C693
40640833
22969863
0F005363
02031863
00C766B3
58068163
FFF80513
962EE909
00B63533
97AA97BA
440585B2
0693A8B9
1D637FF0
041300D8
A24D7FF0
7FF00693
18D40E63
008006B7
85428F55
03800693
08A6CB63
C26346FD
081306A6
08330200
16B340A8
58B30107
163300A6
E6B30106
36330116
8E5500C0
00A75733
3533962E
973E00B6
00A707B3
073785B2
8F7D0080
14070663
07130405
0B637FF0
073748E4
177DFF80
F5138FF9
D7130015
8D590015
01F79593
83858DC9
0693A215
0893FE05
56B30200
480100D7
01150863
04000813
40A80533
00A71833
00C86633
00C03633
47018E55
8E59BF61
00C03633
0B63BFDD
05330A08
E40D4083
00B7E6B3
42068163
FFF50693
95B2E699
B63397BA
97B200C5
0813BF29
1D637FF0
87BA0105
BF2185B2
7FF00693
FED30BE3
008006B7
86AA8FD5
03800513
06D54363
4B63457D
081302D5
08330200
953340D8
D8B30107
95B300D5
65330105
35B30115
8D4D00B0
00D7D7B3
00C505B3
B63397BA
97B200C5
BF31841A
FE068513
02000893
00A7D833
87634501
05130116
8D150400
00A79533
35338D4D
653300A0
478100A8
E533B7E1
353300B7
BFD500A0
00140693
7FE6F513
E6B3E13D
E42900B7
36068963
00C766B3
962EC285
353397BA
97AA00B6
00800737
85B28F7D
0737C711
177DFF80
44058FF9
0075F713
34070A63
00F5F713
05634691
871334D7
35330045
97AA00B7
AE2D85BA
8E59DE99
E2060BE3
07B74481
45810040
7FF00413
0513A615
8B637FF0
962E30A6
00B63533
97AA97BA
01F79513
65B38205
838500C5
B76D8436
0D005663
08031163
00C766B3
34068B63
FFF80513
8633E911
B53340C5
8F9900C5
85B28F89
A0B14405
7FF00693
DCD80BE3
03800693
08A6C863
CF6346FD
081304A6
08330200
16B340A8
58B30107
163300A6
E6B30106
36330116
8E5500C0
00A75733
40C58633
00C5B533
40E78733
40A707B3
093785B2
F7330080
D71D0127
F933197D
89AE0127
0693AA5D
0FE37FF0
06B7F0D4
8F550080
BF698542
FE050693
02000893
00D756B3
08634801
08130115
05330400
183340A8
663300A7
363300C8
8E5500C0
BF794701
36338E59
BFDD00C0
0C080563
40830533
E833E81D
066300B7
08132808
1B63FFF5
05B30008
07B340B6
363340F7
8F9100B6
B73D84B6
7FF00893
03151063
85B287BA
7FF00413
0813A07D
09E37FF0
0837FF03
E7B30080
882A0107
03800513
07054663
4D63457D
08930305
88B30200
95334108
DE330117
95B30105
65330115
35B301C5
8D4D00B0
0107D7B3
40A605B3
40F707B3
00B63633
841A8F91
BF1184B6
FE080513
02000E13
00A7D8B3
08634501
051301C8
05330400
95334105
8D4D00A7
00A03533
00A8E533
B7C94781
00B7E533
00A03533
0513BFD5
75130014
E9257FE5
00B7E833
00C76533
1863E821
00630008
87BA1C05
84B685B2
07E3BBC5
8833DE05
B8B340C5
85330105
053340E7
08B74115
78B30080
8A630115
05B30008
07B340B6
363340F7
8F9100B6
65B3B7F9
846300A8
87AA1805
BB4D85C2
00081863
16050F63
85B287BA
BEF584B6
BE050DE3
89B3B3D1
B53340C5
89330135
093340E7
053740A9
75330080
C53D00A9
40B609B3
40F707B3
01363633
40C78933
036384B6
854A0609
07132BE9
47FDFF85
06E7C163
02000793
19338F99
D7B300E9
E7B300F9
95B30127
4E6300E9
8F010687
00170693
4463467D
071304D6
8F150200
00E79633
00D5D533
00E595B3
35B38E49
8DD100B0
00D7D7B3
BB194401
0129E5B3
4781F1CD
A8D14401
2BA5854E
02050513
0793BF69
97B3FD85
458100F9
1705B77D
02000613
00E7D733
87634501
051300C6
8D150400
00A79533
35338D4D
65B300A0
478100A7
8C19BF55
FF800737
8FF9177D
87BAB1C1
842A85B2
87BAB965
B94D85B2
7FF00413
45814781
00800737
CB118F7D
07130405
0B637FF0
073706E4
177DFF80
97138FF9
D51301D7
8D590035
7FF00713
1963838D
8D5D00E4
C5094781
000807B7
44814501
01441713
7FF006B7
40F207B2
8F754462
04FE83B1
E7338FD9
49420097
49B244D2
610585BA
84428082
87BAB191
842A85B2
4781B5A9
44814581
4781B771
4581BFED
07B74481
B9990040
45814781
D713BF49
06B70145
87930010
7713FFF6
06137FF7
8FED3FE0
546381FD
061304E6
586341D0
053700E6
45138000
952EFFF5
8FD58082
43300693
467D8E99
00D64D63
BED70713
00E797B3
00D55533
C9998D5D
40A00533
05138082
8D194130
00A7D533
4501B7FD
D7138082
08370145
07930010
7713FFF8
06137FF7
8FED3FE0
81FD86AA
04E65163
41F00613
85138E0D
5B63FFF5
450102C7
0513E985
8D194330
E7B3467D
4A630107
071300A6
97B3BED7
D53300E7
8D5D00A6
05138082
8D194130
00A7D533
45018082
11418082
C606C422
C121842A
071326C9
47A941E0
C4638F09
47AD02A7
05558F89
00F457B3
00A41433
852240B2
442207B2
83B10752
00F766B3
014185B6
07938082
17B3FF55
440100F4
4781B7C5
BFE94701
CA261101
01755493
C64EC84A
1993C452
CE060095
C256CC22
0FF4F493
D9938A2E
59130099
C4AD01F5
0FF00793
06F48E63
07B7098E
E9B30400
849300F9
4A81F814
017A5513
009A1413
0FF57513
5A138025
C52D01FA
0FF00793
06F50E63
07B7040E
8C5D0400
F8150513
96934781
8EDD002A
473916FD
01494633
40A48533
06D76563
0010E737
BF470713
96BA068A
87024298
02098363
24E5854E
FFB50793
F8A00493
00F999B3
BF618C89
0FF00493
89E34A89
4A8DF809
4481B771
B7594A85
8522C015
07932C7D
1433FFB5
079300F4
8533F8A0
BF5940A7
0FF00513
D8414789
B771478D
47854501
1813B759
FE630054
157D0C89
54134681
D3330108
67C10289
77B317FD
82C100F8
0289F733
88B3859A
07420267
7C638F55
97420117
FFF30593
01076763
01177563
FFE30593
07339742
58B34117
77330287
86B30287
17930317
87460107
00D7FC63
871397C2
E763FFF8
F5630107
871300D7
97C2FFE8
01059413
8C598F95
00F037B3
07138C5D
5A6307F5
779308E0
C7990074
00F47793
83634691
041100D7
080007B7
C7998FE1
F80007B7
8C7D17FD
08050713
0FE00793
C763800D
179304E7
04260177
7F800737
80258FF9
15138C5D
40F201F6
44628D41
494244D2
4A2249B2
61054A92
96938082
D99301F9
B7150019
844E864A
470D87D6
06E78263
85634705
470906E7
F8E791E3
07134401
BF450FF0
B7D58652
00400437
478D4601
4785BFE9
476D8F99
04F74263
09E50513
00F457B3
00A41433
00803433
77938C5D
C7990074
00F47793
83634711
041100E7
040007B7
800D8FE1
4401CB99
B7954705
00400437
0FF00713
BFA14601
47014401
1141BF89
C606C422
4781842A
2215CD19
09E00793
07138F89
41630960
472102F7
00A75563
14331561
042600A4
95138025
40B20177
44228D41
80820141
09900713
00F75D63
01B50713
17334695
8E8900E4
00E03733
00D45433
47158C59
00A75663
FFB50713
00E41433
FC000737
7693177D
8F610074
883DC691
03634691
071100D4
040006B7
CA818EF9
FC0007B7
8F7D17FD
09F00793
54138F89
BF410037
01755713
0FF77713
07931141
C4220017
1413C226
C6060095
0FE7F793
54938025
C78D01F5
00345793
38070713
07B20476
83B10752
01F49513
40B28FD9
00A7E733
44228522
85BA4492
80820141
4781EB15
8522DC79
47A92089
00A7CE63
8F8947AD
01550713
00F457B3
00E41433
38900713
BF758F09
FF550793
00F417B3
B7FD4401
C4194781
00345793
00080737
8FD90476
7FF00713
67C1BF69
02F57663
0FF00793
00A7B7B3
E737078E
06930010
8E9D0200
00F55533
C3070793
4503953E
85330005
808240A6
01000737
6EE347C1
47E1FCE5
0000BFD9
00000000
00000000
00000000
81010113
00001737
7E112623
7E812423
7E912223
7F212023
7D312E23
7D412C23
7D512A23
7D612823
7D712623
7D812423
7D912223
7DA12023
7BB12E23
F8010113
FFFFF7B7
82070693
82070293
82070393
01010513
00A680B3
00A28333
00A38433
7E878613
7E478593
00F404B3
00C08633
00B305B3
05E10513
00912423
7E04A223
D51F80EF
00100513
F99F70EF
00812883
00050813
00200513
7F089623
F85F70EF
00812983
00050913
00300513
7F299723
F71F70EF
00812A83
00050A13
00400513
7F4A9823
F5DF70EF
00050B13
00500513
03612C23
F4DF70EF
320500E3
02A12E23
00001CB7
820C8D13
01010D93
FFFFFC37
01BD0E33
018E0EB3
7ECEAF03
01D12423
2C0F14E3
00812083
7F009283
36028EE3
03C12403
000018B7
82088A93
01010B13
FFFFF4B7
00247913
016A8BB3
00147993
009B8C33
01203833
06010C93
01098A33
01812423
7F9C2A23
04011E23
00447D13
00098D93
001A0E13
000D1463
000A0E13
7D000E93
03CED533
FFFFFF37
02A12A23
280D9AE3
2C0918E3
2A0D1AE3
340D9063
36091A63
00447093
02008863
00001337
82030393
01010493
FFFFF2B7
009389B3
00598833
03012603
7EC81583
03412503
01012423
D4CF70EF
03812883
0E089663
0010EAB7
00001C37
FFFFFA37
820C0C93
01010D13
8F8AAB03
8FCAAB83
00100413
7ECA0913
01AC8DB3
02812C23
012D84B3
03812503
00000413
00251E13
00AE0EB3
001E9F13
03E12C23
B19F80EF
03812983
04012A23
04012C23
04098263
00100593
00048513
F1CF30EF
05415583
FA5F70EF
00050F93
FFF00593
00048513
05F11A23
F00F30EF
05415583
F89F70EF
04A11A23
2E040663
00140413
FC8992E3
B05F80EF
B21F80EF
B3DF80EF
000B0613
000B8693
00050A93
00058A13
DB1FE0EF
F6054AE3
000A8513
000A0593
903FF0EF
200506E3
00A00693
02A6D5B3
03812703
00158613
02E600B3
02112C23
A79F80EF
00001B37
820B0313
01010393
FFFFF437
7EC40293
00730833
00580533
869F40EF
A95F80EF
AB1F80EF
820B0893
01010B93
01788933
00890C33
00050A93
7ECC1503
00000593
01812423
E8CF80EF
00812C83
00050593
00008DB7
7EEC9503
B05D8493
E74F80EF
00812D03
00050593
7F0D1503
E64F80EF
00050593
03411503
E58F80EF
00050913
1E950CE3
24A4E463
00002837
8F280893
251506E3
00005DB7
EAFD8493
26951EE3
0010E537
D8C50513
DD8F90EF
608D8B13
0000EE37
00007EB7
00200F13
5A4E0993
000B0B93
A79E8A13
01E12623
0010EC37
354C2F83
00000D13
00000D93
220F8C63
000017B7
82078593
01010693
FFFFF437
00D58633
00860733
00E12423
00001CB7
0440006F
00812883
01B403B3
00239813
01088533
00AC8E33
82CE5703
001D8D93
354C2283
01A70D33
010D9693
010D1313
010D1093
0106DD93
01035493
4100DD13
1C5DFC63
00812303
004D9413
01B400B3
00209293
005303B3
007C84B3
80C4A803
82049623
00187893
02088663
8264D603
03460263
0010E537
000A0693
000D8593
E1C50513
CFCF90EF
82C4DE03
001E0E93
83D49623
00812783
01B40F33
002F1F93
01F785B3
00BC84B3
80C4A683
0026F613
02060863
8284D603
03760463
0010E737
000B0693
000D8593
E4C70513
CB4F90EF
82C4D283
80C4A683
00128313
82649623
0046F093
F20080E3
00812F03
01B40433
00241E93
01DF0FB3
01FC8433
82A45603
0B361063
82C45703
F15FF06F
00001937
82090C13
01010C93
FFFFF437
019C0D33
008D0DB3
7ECD9603
7F8DA583
01B12423
CD1F30EF
03C12403
04A12023
00247913
C8090AE3
00001E37
820E0E93
01010F13
FFFFF537
01EE8FB3
00AF87B3
00F12423
00812583
7EE79683
03412503
7EC59603
7FC5A583
01069713
00C76633
04410693
E31F50EF
03C12403
C4DFF06F
04A11B23
00100793
D0F98CE3
00100413
CD1FF06F
0010E7B7
000D8593
00098693
E8078513
BD0F90EF
82C45583
00158493
01049613
01065713
82E41623
E55FF06F
000099B7
A0298793
7CF50C63
0000F737
9F570093
02151CE3
0010E2B7
DC028513
B94F90EF
00002B37
FD7B0B13
0000E337
00300393
E3A98993
000B0B93
71430A13
00712623
DBDFF06F
00000493
E48F80EF
03412583
0010EA37
00A48BB3
EB0A0513
B54F90EF
0010E3B7
EC838513
000A8593
B44F90EF
000A8513
FACF80EF
0010E837
00050613
00058693
EE080513
B28F90EF
000A8513
F90F80EF
010B9C93
00000613
00000693
410CD493
95FFE0EF
04A05663
354C2883
03812503
03150533
DB2FF0EF
00050D93
000A8513
00058413
F58F80EF
00050613
00058693
000D8513
00040593
B7EFE0EF
0010EE37
00050613
00058693
EF8E0513
AC0F90EF
354C2E83
03812F83
0010EF37
F10F0513
03DF85B3
0010ED37
0010EB37
0010EBB7
A9CF90EF
0010E7B7
F2C78513
F28D0593
A8CF90EF
0010E637
F4460513
DECB0593
A7CF90EF
0010E737
F5CB8593
F6470513
A6CF90EF
00090593
0010E937
F7C90513
A5CF90EF
03C12C83
001CF593
12058463
354C2283
12028063
000016B7
82068093
01010A13
FFFFF337
01408CB3
006C83B3
00000413
0010E9B7
00712423
00001DB7
00441813
00812E03
008808B3
00289513
00AE0EB3
01DD8F33
826F5603
00040593
F9898513
9F8F90EF
00140413
01041793
0107D413
00812583
00441613
00860733
354C2F83
00271913
012582B3
F9898513
005D8333
00040593
09F47C63
82635603
00140A13
010A1C93
9B4F90EF
010CD413
00812E03
00441393
00838833
354C2683
00281893
011E0EB3
F9898513
01DD8F33
00040593
04D47E63
826F5603
00140413
97CF90EF
01041793
0107D413
00812583
00441613
00860733
354C2F83
00271913
012582B3
F9898513
005D8333
00040593
03F47063
82635603
944F90EF
00140693
354C2503
01069A13
010A5413
F0A46AE3
03C12C83
002CF993
12098463
354C2083
5A008463
00001837
82080893
01010E13
FFFFF3B7
01C88EB3
007E8F33
00000413
0010ECB7
01E12423
00001937
00441F93
00812703
008F87B3
00279613
00C705B3
00B902B3
8282D603
00040593
FB4C8513
8CCF90EF
00140693
01069A13
010A5413
00812803
00441993
00898DB3
354C2303
002D9393
007808B3
FB4C8513
01190E33
00040593
08647C63
828E5603
00140413
88CF90EF
01041F13
010F5413
00812703
00441F93
008F87B3
354C2E83
00279613
00C705B3
00B902B3
FB4C8513
00040593
05D47E63
8282D603
854F90EF
00140693
01069A13
010A5413
00812803
00441993
00898DB3
354C2303
002D9393
007808B3
FB4C8513
01190E33
00040593
02647063
828E5603
818F90EF
00140E93
354C2503
010E9413
01045413
F0A46AE3
03C12C83
004CF093
12008263
354C2903
22090463
00001FB7
820F8793
01010613
FFFFFF37
00C78733
01E705B3
00000413
0010EA37
00B12423
000019B7
00441293
00812D83
00828333
00231693
00DD83B3
00798833
82A85603
00040593
FD0A0513
FA1F80EF
00140E13
010E1E93
010ED413
00812F83
00441C93
008C8933
354C2883
00291F13
01EF87B3
FD0A0513
00F98633
00040593
09147C63
82A65603
F65F80EF
00140713
01071593
0105DD93
00812803
004D9313
01B306B3
354C2283
00269393
007808B3
FD0A0513
01198E33
000D8593
045DFE63
82AE5603
001D8413
01041C93
F21F80EF
010CD913
00812783
00491F13
012F0FB3
354C2E83
002F9613
00C782B3
FD0A0513
00598733
00090593
03D97063
82A75603
EEDF80EF
00190593
354C2503
01059D93
010DD413
F0A46AE3
00001337
354C2083
82030393
01010693
FFFFF9B7
00D38833
00000413
0010EA37
01380CB3
00001937
0E008263
00441893
00888E33
002E1E93
01DC8F33
01E90FB3
824FD603
00040593
FECA0513
E89F80EF
00140793
01079293
0102D413
00441713
008705B3
354C2603
00259D93
01BC89B3
FECA0513
01390333
00040593
08C47863
82435603
00140413
E4DF80EF
01041693
0106D413
00441813
008808B3
354C2383
00289E13
01CC8EB3
FECA0513
01D90F33
00040593
04747C63
824F5603
E19F80EF
00140613
01061793
0107D413
00441293
00828733
354C2F83
00271593
00BC8DB3
FECA0513
01B909B3
00040593
03F47063
8249D603
DE1F80EF
00140313
354C2503
01031393
0103D413
F2A462E3
12048C63
10905663
0010EAB7
078A8513
DB9F80EF
05E10513
A90F80EF
08010113
7EC12083
7E812403
7E412483
7E012903
7DC12983
7D812A03
7D412A83
7D012B03
7CC12B83
7C812C03
7C412C83
7C012D03
7BC12D83
00000513
7F010113
00008067
00100F93
D5FF1263
00812783
7F079603
D2061C63
00812703
341535B7
41558693
06600513
7ED72623
7EA71823
D1CFF06F
00700B93
03712E23
CE0FF06F
00001FB7
820F8793
01010613
00C785B3
01E586B3
06010713
00D12423
7EE6AC23
D4090A63
01C0006F
02AA0A33
06010B13
014B0BB3
03712823
D40D8263
87DFF06F
02A980B3
000014B7
82048993
01010813
FFFFF2B7
06010313
010988B3
00588AB3
01512423
001303B3
7E7AAE23
D00D0663
FB9FF06F
0010EC37
08CC0513
CB1F80EF
EF9FF06F
00812383
06600313
7E639823
C7CFF06F
00100513
DF4FF06F
0010E4B7
00848513
C89F80EF
00C12C83
00300A13
ED4C94E3
354C2083
03812903
02190533
F27FE0EF
00050D93
000A8513
00058413
8CCF80EF
00050613
00058693
000D8513
00040593
CF3FD0EF
F28D0713
0010ED37
00050613
00058693
DECB0793
054D0513
C2DF80EF
0010EB37
F5CB8593
070B0513
C1DF80EF
0010EBB7
31CB8513
C11F80EF
E59FF06F
0010E537
D6050513
C01F80EF
00001E37
199E0B13
00004EB7
00003F37
00100F93
9BFE8993
000B0B93
340F0A13
01F12623
E24FF06F
0010EA37
D30A0513
BCDF80EF
0000C6B7
E5268B13
000065B7
0000D637
E4758993
000B0B93
4B060A13
00012623
DF4FF06F
0010EBB7
DF0B8513
00009C37
0000ECB7
00400D13
B91F80EF
D84C0993
74700B13
74700B93
3C1C8A13
01A12623
DC4FF06F
004CFD93
C80D8EE3
DA5FF06F
000109B7
FFF00B13
FFF98493
01612623
0010EC37
FECFF06F
0000000B
00000000
00000000
3FF00000
00000000
411E8480
4CBEBC20
00000000
00000000
40240000
EB851EB8
3F9EB851
0010E198
0010E1A0
0010E1A8
0010E1B0
0010E168
0010E174
0010E180
0010E18C
0010E138
0010E144
0010E150
0010E15C
0010E108
0010E114
0010E120
0010E12C
00104B8C
00104B5C
00104B68
00104B74
00104B80
00104B50
0010668C
00106608
00106608
00106680
00106608
00106608
00106608
00106608
00106608
00106608
00106608
00106674
00106608
00106668
00106608
00106608
0010665C
0010882C
00106698
00106698
00106698
00106698
00106698
00106698
00106698
00106698
00106698
00106698
00106698
00106698
00106698
00106698
00106698
00106698
00106698
00106698
00106698
00106698
00106698
00106698
00108818
00106698
00106698
00106698
00106698
00106698
00106698
00106698
00106698
00108388
00106698
00107524
00108798
00106698
001076D8
00106698
00106698
00108798
00106698
00106698
00106698
00106698
00106698
001087E8
0010832C
00106698
00106698
00107EFC
00106698
00108808
00106698
00106698
001087F8
0010688C
001066A0
001066A0
001066A0
001066A0
001066A0
001066A0
001066A0
001066A0
001066A0
001066A0
001066A0
001066A0
001066A0
001066A0
001066A0
001066A0
001066A0
001066A0
001066A0
001066A0
001066A0
001066A0
0010837C
001066A0
001066A0
001066A0
001066A0
001066A0
001066A0
001066A0
001066A0
00106890
001066A0
00107528
001074E8
001066A0
001076DC
001066A0
001066A0
001074E8
001066A0
001066A0
001066A0
001066A0
001066A0
00108374
00108330
001066A0
001066A0
00107F00
001066A0
001087E0
001066A0
001066A0
001087D8
0010B962
0010BA14
0010B96C
0010BA14
0010BA06
0010BA14
0010B96C
0010B962
0010B962
0010BA06
0010B96C
0010B948
0010B948
0010B948
0010B970
0010BF58
0010BF58
0010BF70
0010BF52
0010BF52
0010BFFE
0010BF70
0010BF52
0010BFFE
0010BF52
0010BF70
0010BF50
0010BF50
0010BF50
0010BFFE
0010C930
0010C990
0010C938
0010C990
0010C984
0010C990
0010C938
0010C930
0010C930
0010C984
0010C938
0010C918
0010C918
0010C918
0010C93C
02020100
03030303
04040404
04040404
05050505
05050505
05050505
05050505
06060606
06060606
06060606
06060606
06060606
06060606
06060606
06060606
07070707
07070707
07070707
07070707
07070707
07070707
07070707
07070707
07070707
07070707
07070707
07070707
07070707
07070707
07070707
07070707
08080808
08080808
08080808
08080808
08080808
08080808
08080808
08080808
08080808
08080808
08080808
08080808
08080808
08080808
08080808
08080808
08080808
08080808
08080808
08080808
08080808
08080808
08080808
08080808
08080808
08080808
08080808
08080808
08080808
08080808
08080808
08080808
70206B36
6F667265
6E616D72
72206563
70206E75
6D617261
72657465
6F662073
6F632072
616D6572
0A2E6B72
00000000
76206B36
64696C61
6F697461
7572206E
6170206E
656D6172
73726574
726F6620
726F6320
72616D65
000A2E6B
666F7250
20656C69
656E6567
69746172
72206E6F
70206E75
6D617261
72657465
6F662073
6F632072
616D6572
0A2E6B72
00000000
70204B32
6F667265
6E616D72
72206563
70206E75
6D617261
72657465
6F662073
6F632072
616D6572
0A2E6B72
00000000
76204B32
64696C61
6F697461
7572206E
6170206E
656D6172
73726574
726F6620
726F6320
72616D65
000A2E6B
5D75255B
4F525245
6C202152
20747369
20637263
30257830
2D207834
6F687320
20646C75
30206562
34302578
00000A78
5D75255B
4F525245
6D202152
69727461
72632078
78302063
78343025
73202D20
6C756F68
65622064
25783020
0A783430
00000000
5D75255B
4F525245
73202152
65746174
63726320
25783020
20783430
6873202D
646C756F
20656220
30257830
000A7834
65726F43
6B72614D
7A695320
20202065
25203A20
000A756C
61746F54
6974206C
20736B63
20202020
25203A20
000A756C
61746F54
6974206C
2820656D
73636573
25203A29
00000A66
72657449
6F697461
532F736E
20206365
25203A20
00000A66
72657449
6F697461
2020736E
20202020
25203A20
000A756C
00434347
706D6F43
72656C69
72657620
6E6F6973
25203A20
00000A73
706D6F43
72656C69
616C6620
20207367
25203A20
00000A73
43415453
0000004B
6F6D654D
6C207972
7461636F
206E6F69
25203A20
00000A73
64656573
20637263
20202020
20202020
30203A20
34302578
00000A78
5D64255B
6C637263
20747369
20202020
203A2020
30257830
000A7834
5D64255B
6D637263
69727461
20202078
203A2020
30257830
000A7834
5D64255B
73637263
65746174
20202020
203A2020
30257830
000A7834
5D64255B
66637263
6C616E69
20202020
203A2020
30257830
000A7834
72726F43
20746365
7265706F
6F697461
6176206E
6164696C
2E646574
65655320
41455220
2E454D44
6620646D
7220726F
61206E75
7220646E
726F7065
676E6974
6C757220
0A2E7365
00000000
65726F43
6B72614D
302E3120
25203A20
202F2066
25207325
00000073
25202F20
00000073
6F727245
64207372
63657465
0A646574
00000000
6E6E6143
7620746F
64696C61
20657461
7265706F
6F697461
6F66206E
68742072
20657365
64656573
6C617620
2C736575
656C7020
20657361
706D6F63
20657261
68746977
73657220
73746C75
206E6F20
6E6B2061
206E776F
74616C70
6D726F66
00000A2E
74617453
00006369
70616548
00000000
63617453
0000006B
332E3054
46312D65
00000000
542E542D
71542B2B
00000000
2E335431
7A346534
00000000
302E3433
5E542D65
00000000
30352E35
332B6530
00000000
32312E2D
322D6533
00000000
6537382D
3233382B
00000000
362E302B
32312D65
00000000
352E3533
30303434
00000000
3332312E
30303534
00000000
3031312D
3030372E
00000000
362E302B
30303434
00000000
32313035
00000000
34333231
00000000
3437382D
00000000
3232312B
00000000
66726550
616D726F
2065636E
6E756F43
73726574
2D2D2D0A
2D2D2D2D
2D2D2D2D
2D2D2D2D
2D2D2D2D
00000A2D
203A7325
000A7525
78656249
726F4320
72614D65
6C70206B
6F667461
69206D72
2E74696E
000A2E2E
65726F43
6B72614D
4D202F20
203A7A48
000A6625
74736E49
74637572
736E6F69
74655220
64657269
00000000
2055534C
79737542
00000000
74654649
77206863
00746961
64616F4C
00000073
726F7453
00007365
706D754A
00000073
6E617242
73656863
00000000
656B6154
7242206E
68636E61
00007365
706D6F43
73736572
49206465
7274736E
69746375
00736E6F
746C754D
796C7069
69615720
00000074
69766944
57206564
00746961
33323130
37363534
62613938
66656463
6A696867
6E6D6C6B
7271706F
76757473
7A797877
00000000
33323130
37363534
42413938
46454443
4A494847
4E4D4C4B
5251504F
56555453
5A595857
00000000
4C554E3C
00003E4C
45435845
4F495450
2121214E
0000000A
3D3D3D3D
3D3D3D3D
3D3D3D3D
0000000A
4350454D
2020203A
00007830
41434D0A
3A455355
00783020
56544D0A
203A4C41
00783020
00000001
00000064
00000066
0010E0F0
0010E0F8
0010E100
0010E220
0010E238
0010E244
0010E250
0010E258
0010E260
0010E268
0010E274
0010E284
0010E29C
0010E2AC
